No.,시설명,설치장소,주소,X,Y
1,제주보육원 놀이시설,아동복지시설,제주특별자치도 제주시 도근내길 42,126.4356579,33.49149278
2,서귀포 향토 오일시장 실내 놀이터(소꿉놀이 키즈카페),대규모점포,제주특별자치도 서귀포시 토평서로11번길 142 ,126.5730641,33.26710477
3,도두해수파크 놀이터,목욕장업소,제주특별자치도 제주시 서해안로 236,126.4713759,33.50833936
4,밤비니어학원,학원,제주특별자치도 제주시 고사마루길 71 ,126.4730982,33.47471777
5,한국외국어대학교키즈클럽외대어학원 놀이터,학원,제주특별자치도 제주시 월산북길 64-8 ,126.4613427,33.47418913
6,흙한우 명품관 실내 어린이놀이시설,식품접객업소,제주특별자치도 서귀포시 일주동로 8421 ,126.5884797,33.2573024
7,제주돌담촌,식품접객업소,제주 제주시 도남동134번지,126.5289768,33.48849482
8,네버랜드에너키즈,식품접객업소,제주특별자치도 제주시 신설로2길 13,126.5424254,33.49485661
9,어린왕자,식품접객업소,제주특별자치도 제주시 과원북4길 19,126.4842583,33.48130144
10,벨롱벨롱 실내어린이놀이시설,놀이제공영업소,제주특별자치도 제주시 우정로 91 ,126.4311515,33.48460204
11,멜리오에코피아,놀이제공영업소,제주특별자치도 제주시 애월읍 평화로 2157,126.3933238,33.41199768
12,에코피아테마파크 놀이터,놀이제공영업소,제주특별자치도 제주시 애월읍 평화로 2157,126.3933238,33.41199768
13,동마키즈카페 실내놀이시설,놀이제공영업소,제주특별자치도 제주시 달마루길 18 ,126.474267,33.48951772
14,노리파크화북삼양점,놀이제공영업소,제주특별자치도 제주시 일주동로 224 ,126.5694989,33.51872901
15,어린이나라방방 동홍휴게점,놀이제공영업소,제주특별자치도 서귀포시 동홍중앙로52번길 14-1 ,126.5736487,33.25510624
16,놀멍뛰멍키즈카페,놀이제공영업소,제주특별자치도 제주시 한림읍 한림상로 196,126.2692867,33.41574403
17,키즈팡팡 제주연동점,놀이제공영업소,제주특별자치도 제주시 과원북4길 61 ,126.488229,33.48119177
18,점프노리 아라점 실내놀이기구,놀이제공영업소,제주특별자치도 제주시 아란7길 26,126.5427589,33.47452709
19,블럭아놀자 놀이시설,놀이제공영업소,제주특별자치도 서귀포시 남원광지로 18,126.7124976,33.27896821
20,노루생태관찰원 어린이놀이터,도시공원,제주특별자치도 제주시 명림로 520 ,126.6256939,33.44483825
21,절물자연휴양림 어린이놀이터,도시공원,제주특별자치도 제주시 명림로 584,126.6227787,33.43019644
22,서홍 생태놀이터 아이뜨락,도시공원,제주 서귀포시 서홍동1614-8,126.5535976,33.26446635
23,117호 어린이공원,도시공원,제주특별자치도 제주시 아란12길 25-7,126.545228,33.46938817
24,119호 어린이공원,도시공원,제주특별자치도 제주시 인다8길 38,126.5488721,33.47610938
25,명신마을소공원놀이터,도시공원,제주특별자치도 제주시 명신1길 32-1,126.4997895,33.50075849
26,아주호텔제주 어린이 놀이터,도시공원,제주특별자치도 서귀포시 중문관광로72번길 114,126.4056099,33.2453786
27,노형택지2어린이공원,도시공원,제주특별자치도 제주시 노형7길 6,126.4763636,33.48088949
28,노형택지1어린이공원,도시공원,제주특별자치도 제주시 노형11길 25,126.4777078,33.48278852
29,방일리공원,도시공원,제주특별자치도 제주시 노형2길 51-1,126.4759163,33.47836316
30,121호어린이공원,도시공원,제주특별자치도 제주시 인다14길 12-7,126.5469203,33.47080088
31,114호어린이공원,도시공원,제주특별자치도 제주시 아란9길 14,126.5441452,33.47277414
32,한마음근린공원,도시공원,제주특별자치도 제주시 신설로5길 5-23,126.5453391,33.49532721
33,바다어린이공원,도시공원,서귀포시 강정동 199-1,126.5039281,33.25313299
34,숲속어린이공원,도시공원,제주 서귀포시 강정동191-1,126.5037669,33.25127501
35,송이마당어린이공원,도시공원,제주특별자치도 서귀포시 서호남로 92-15,126.5236821,33.24952305
36,오름어린이공원,도시공원,제주특별자치도 서귀포시 서호로 7-24,126.5225979,33.25352205
37,바당어린이공원,도시공원,제주특별자치도 서귀포시 서호남로 92-27,126.5065393,33.23160376
38,제주영어교육도시 3호 어린이공원 놀이터,도시공원,제주특별자치도 서귀포시 대정읍 신화역사로 210,126.1958231,33.1630952
39,제주영어교육도시 2호 어린이공원 놀이터,도시공원,제주특별자치도 서귀포시 대정읍 신화역사로 210,126.1958231,33.1630952
40,제주영어교육도시 1호 어린이공원 놀이터,도시공원,제주특별자치도 서귀포시 대정읍 신화역사로 210,126.1958231,33.1630952
41,칠십리 시공원,도시공원,제주특별자치도 서귀포시 남성중로 114-1,126.5567285,33.24393872
42,월라봉공원,도시공원,제주특별자치도 서귀포시 월라봉로 76-40,126.6048892,33.27129505
43,사계어린이공원,도시공원,제주특별자치도 서귀포시 안덕면 사계신항로 3-8,126.3215616,33.24959889
44,삼화제5근린공원,도시공원,제주 제주시 도련1동제주특별자치도 제주시 화삼북로 136,126.5881422,33.51636757
45,109호 어린이공원,도시공원,제주 제주시 도련1동제주특별자치도 제주시 화삼로 104,126.5830551,33.5133121
46,108호 어린이공원,도시공원,제주 제주시 도련1동제주특별자치도 제주시 연삼로 874,126.5792202,33.51175733
47,107호어린이공원,도시공원,제주 제주시 도련1동제주특별자치도 제주시 건주로 45,126.5809471,33.51520728
48,하귀2호 어린이공원,도시공원,제주특별자치도 제주시 애월읍 하광로 48-3,126.414043,33.48157378
49,99호 어린이공원,도시공원,제주 제주시 이도2동제주특별자치도 제주시 구남로2길 27,126.5343945,33.48749663
50,100호 어린이공원,도시공원,제주 제주시 이도2동제주특별자치도 제주시 구남로 31,126.5328725,33.49038495
51,48호어린이공원,도시공원,제주 제주시 노형동제주특별자치도 제주시 다랑곶2길 45,126.475899,33.49010169
52,도남근린공원,도시공원,제주 제주시 도남동제주특별자치도 제주시 독짓골8길 23,126.5325946,33.49202478
53,이도근린공원,도시공원,제주특별자치도 제주시 이도공원동길 6,126.5441779,33.49718018
54,106호어린이공원,도시공원,제주특별자치도 제주시 첨단로7길 23,126.5740595,33.44950299
55,문부공원,도시공원,제주특별자치도 서귀포시 일주동로 8593,126.570339,33.25382348
56,문화공원,도시공원,제주특별자치도 서귀포시 김정문화로 32,126.5079874,33.25068779
57,여명공원,도시공원,제주특별자치도 서귀포시 동홍중앙로66번길 14-6,126.5730644,33.25607797
58,양지공원,도시공원,제주특별자치도 서귀포시 동홍중앙로66번길 36-6,126.5758115,33.25610547
59,하모공원,도시공원,제주특별자치도 서귀포시 대정읍 최남단해안로29번길 22,126.2528133,33.21927008
60,희망공원,도시공원,제주특별자치도 서귀포시 동홍북로22번길 17,126.5708142,33.25757588
61,태양공원,도시공원,제주특별자치도 서귀포시 동홍북로48번길 10,126.5731719,33.25824223
62,대청공원,도시공원,제주특별자치도 서귀포시 신서로 38 ,126.5053223,33.25327382
63,신학공원,도시공원,제주특별자치도 서귀포시 신동로27번길 6-7 ,126.5119634,33.25160517
64,미래2공원,도시공원,제주특별자치도 서귀포시 신동로67번길 40,126.5111821,33.25699375
65,미래1공원,도시공원,제주특별자치도 서귀포시 신서귀로76번길 46,126.513402,33.25918442
66,문화2공원,도시공원,제주특별자치도 서귀포시 신서로88번길 18,126.5077649,33.25780067
67,문화1공원,도시공원,제주특별자치도 서귀포시 신서로102번길 25-1,126.5084316,33.25946229
68,중앙공원,도시공원,제주특별자치도 서귀포시 중앙로62번길 18,126.5636505,33.25013045
69,천지동공원,도시공원,제주특별자치도 서귀포시 서문서로 43,126.5583979,33.25118472
70,제석공원,도시공원,제주특별자치도 서귀포시 태평로 438,126.5670635,33.24568845
71,노형제1근린공원,도시공원,제주특별자치도 제주시 정존5길 67,126.4702642,33.48602048
72,삼무공원,도시공원,제주특별자치도 제주시 신대로10길 48-9,126.4915138,33.49162766
73,신산공원,도시공원,제주특별자치도 제주시 신산로 92-12,126.5336747,33.50523706
74,샘물공원,도시공원,제주특별자치도 제주시 조천읍 신북로 621,126.6758494,33.54039592
75,함덕2호어린이공원,도시공원,제주특별자치도 제주시 조천읍 함와로 10,126.6741637,33.53917432
76,함덕1호어린이공원,도시공원,제주특별자치도 제주시 조천읍 함덕24길 14-4,126.6758306,33.53967461
77,세화어린이공원,도시공원,제주특별자치도 제주시 구좌읍 세평항로 36,126.8549202,33.52640409
78,102호어린이공원,도시공원,제주특별자치도 제주시 구남로2길 47,126.5358433,33.48618578
79,101호어린이공원,도시공원,제주특별자치도 제주시 구남로6길 27-2,126.5360917,33.48802595
80,98호어린이공원,도시공원,제주특별자치도 제주시 복지로7길 8,126.5258466,33.48832954
81,97호어린이공원,도시공원,제주특별자치도 제주시 복지로북길 14,126.521755,33.48882763
82,96호어린이공원,도시공원,제주특별자치도 제주시 정존11길 54,126.4739299,33.4883262
83,95호어린이공원,도시공원,제주특별자치도 제주시 수덕로 44,126.4714066,33.48746792
84,94호어린이공원,도시공원,제주특별자치도 제주시 수덕로 78,126.469293,33.48471803
85,93호어린이공원,도시공원,제주특별자치도 제주시 광평동로 4,126.4719831,33.48115931
86,92호어린이공원,도시공원,제주특별자치도 제주시 정존5길 27,126.4727372,33.48452544
87,91호어린이공원,도시공원,제주특별자치도 제주시 정존1길 10,126.4723978,33.4819635
88,90호어린이공원,도시공원,제주특별자치도 제주시 정존3길 23,126.4721516,33.48352218
89,89호어린이공원,도시공원,제주특별자치도 제주시 수덕11길 66,126.4706851,33.48404783
90,88호어린이공원,도시공원,제주특별자치도 제주시 동화로1길 44,126.5758382,33.51884118
91,87호어린이공원,도시공원,제주특별자치도 제주시 동화로1길 33,126.5766953,33.51964654
92,86호어린이공원,도시공원,제주특별자치도 제주시 동화로1길 10,126.5743663,33.51828613
93,80호어린이공원,도시공원,제주특별자치도 제주시 진남로8길 2,126.5676453,33.5191733
94,79호어린이공원,도시공원,제주특별자치도 제주시 진남로6길 31,126.5653407,33.52153634
95,78호어린이공원,도시공원,제주특별자치도 제주시 우정로15길 12,126.4330215,33.48493523
96,77호어린이공원,도시공원,제주특별자치도 제주시 절물3길 20,126.4333816,33.49074305
97,76호어린이공원,도시공원,제주특별자치도 제주시 우령2길 9,126.4317398,33.48840942
98,75호어린이공원,도시공원,제주특별자치도 제주시 우령안2길 1,126.4283827,33.48841194
99,74호어린이공원,도시공원,제주특별자치도 제주시 절물3길 14,126.4335726,33.49115865
100,73호어린이공원,도시공원,제주특별자치도 제주시 우령6길 16-8,126.4279638,33.48993366
101,72호어린이공원,도시공원,제주특별자치도 제주시 우정로4길 3-7,126.4304661,33.49065749
102,71호어린이공원,도시공원,제주특별자치도 제주시 우정로4길 32,126.4274053,33.49140966
103,70호어린이공원,도시공원,제주특별자치도 제주시 우령4길 37,126.430435,33.48557244
104,69호어린이공원,도시공원,제주특별자치도 제주시 우정로12길 30,126.4279061,33.48727374
105,68호어린이공원,도시공원,제주특별자치도 제주시 국기로2길 18,126.4917336,33.4798539
106,67호어린이공원,도시공원,제주특별자치도 제주시 연화로2길 17-6,126.4893132,33.4779686
107,66호어린이공원,도시공원,제주특별자치도 제주시 연화로 42,126.4864829,33.47810109
108,65호어린이공원,도시공원,제주특별자치도 제주시 진군길 48,126.4806752,33.47777022
109,56호어린이공원,도시공원,제주특별자치도 제주시 도련안길 39,126.5854974,33.50901078
110,53호어린이공원,도시공원,제주특별자치도 제주시 수덕1길 20,126.4769052,33.48563412
111,52호어린이공원,도시공원,제주특별자치도 제주시 수덕1길 20,126.4769052,33.48563412
112,51호어린이공원,도시공원,제주특별자치도 제주시 수덕11길 7,126.4756771,33.48765746
113,50호어린이공원,도시공원,제주특별자치도 제주시 다랑곶1길 16,126.478149,33.48812775
114,49호어린이공원,도시공원,제주특별자치도 제주시 다랑곶6길 22,126.4809835,33.48915851
115,47호어린이공원,도시공원,제주특별자치도 제주시 도령로7길 32,126.4835107,33.49118867
116,46호어린이공원,도시공원,제주특별자치도 제주시 도령로7길 32,126.4835107,33.49118867
117,45호어린이공원,도시공원,제주특별자치도 제주시 성신로2길 7,126.4863494,33.4915251
118,44호어린이공원,도시공원,제주특별자치도 제주시 도령로13길 16-2,126.4884838,33.492688
119,43호어린이공원,도시공원,제주특별자치도 제주시 도두항서5길 20,126.4651296,33.50378648
120,42호어린이공원,도시공원,제주특별자치도 제주시 태성로4길 23,126.54723,33.50001339
121,41호어린이공원,도시공원,제주특별자치도 제주시 연수로1길 27,126.5454214,33.50217955
122,40호어린이공원,도시공원,제주특별자치도 제주시 정든로 16,126.5403675,33.49737338
123,39호어린이공원,도시공원,제주특별자치도 제주시 청귤로 15,126.5382567,33.49968255
124,38호어린이공원,도시공원,제주특별자치도 제주시 도남로17길 7,126.5297525,33.49030095
125,37호어린이공원,도시공원,제주특별자치도 제주시 신성로4길 2,126.5231139,33.49606359
126,36호어린이공원,도시공원,제주특별자치도 제주시 도남로10길 1-1,126.5276471,33.49357466
127,35호어린이공원,도시공원,제주특별자치도 제주시 신성로8길 20,126.5293084,33.49479816
128,34호어린이공원,도시공원,제주특별자치도 제주시 고산동산서길 8,126.5310957,33.49460663
129,33호어린이공원,도시공원,제주특별자치도 제주시 남광북3길 14-5,126.5365312,33.49435673
130,32호어린이공원,도시공원,제주특별자치도 제주시 고산동산5길 21-1,126.5346474,33.49648638
131,31호어린이공원,도시공원,제주특별자치도 제주시 남광북3길 32-5,126.537979,33.49527277
132,30호어린이공원,도시공원,제주특별자치도 제주시 오복7길 14,126.5358411,33.49861862
133,29호어린이공원,도시공원,제주특별자치도 제주시 설촌로12길 12,126.5817211,33.52428884
134,28호어린이공원,도시공원,제주특별자치도 제주시 지석10길 13-5,126.5835817,33.52017493
135,27호어린이공원,도시공원,제주특별자치도 제주시 설촌로4길 20,126.5835286,33.5222574
136,26호어린이공원,도시공원,제주특별자치도 제주시 선사로 33,126.5858868,33.52431195
137,23호어린이공원,도시공원,제주특별자치도 제주시 선사로4길 52,126.5906135,33.5263383
138,22호어린이공원,도시공원,제주특별자치도 제주시 선사로6길 86,126.5933577,33.52879069
139,21호어린이공원,도시공원,제주특별자치도 제주시 지석4길 11-6,126.5804712,33.52011928
140,20호어린이공원,도시공원,제주특별자치도 제주시 가령골길 56,126.5383667,33.50326225
141,19호어린이공원,도시공원,제주특별자치도 제주시 천수로 41,126.5413153,33.5032913
142,17호어린이공원,도시공원,제주특별자치도 제주시 천수로15길 19,126.5440344,33.50806175
143,16호어린이공원,도시공원,제주특별자치도 제주시 신산로13길 13,126.536196,33.5066801
144,15호어린이공원,도시공원,제주특별자치도 제주시 동광로19길 7,126.541059,33.50900637
145,14호어린이공원,도시공원,제주특별자치도 제주시 삼성로18길 22,126.5373425,33.50965062
146,13호어린이공원,도시공원,제주특별자치도 제주시 고마로5길 36,126.5421119,33.51137244
147,12호어린이공원,도시공원,제주특별자치도 제주시 사라봉5길 20,126.5402011,33.51651334
148,10호어린이공원,도시공원,제주특별자치도 제주시 원노형7길 1,126.4833402,33.48730214
149,9호어린이공원,도시공원,제주특별자치도 제주시 연동6길 28,126.488958,33.48346679
150,8호어린이공원,도시공원,제주특별자치도 제주시 연동1길 32,126.486515,33.48718918
151,7호어린이공원,도시공원,제주특별자치도 제주시 신대로20길 23,126.4940685,33.48349689
152,6호어린이공원,도시공원,제주특별자치도 제주시 신대로16길 24,126.49407,33.48691389
153,4호어린이공원,도시공원,제주특별자치도 제주시 도남로 9-3,126.5255937,33.49912052
154,3호어린이공원,도시공원,제주특별자치도 제주시 서광로19길 28-16,126.5214764,33.50223308
155,2호어린이공원,도시공원,제주특별자치도 제주시 서사로20길 36,126.5162082,33.50134698
156,1호어린이공원,도시공원,제주특별자치도 제주시 서사로10길 11 ,126.5187538,33.50609026
157,동홍동공원,도시공원,제주특별자치도 서귀포시 중산간동로 8002 ,126.5611155,33.26557523
158,동홍공원,도시공원,제주특별자치도 서귀포시 태평로536번길 6,126.574698,33.2511878
159,송당초등학교 놀이시설(체육공원),학교,제주특별자치도 제주시 구좌읍 중산간동로 2218-3,126.781183,33.47089121
160,영지학교놀이시설 정글짐,학교,제주특별자치도 제주시 간월동로3길 15,126.5426429,33.48832994
161,도련초등학교 놀이시설,학교,제주특별자치도 제주시 화삼로 104,126.5830551,33.5133121
162,삼화초등학교 어린이놀이터,학교,제주특별자치도 제주시 화삼로 21,126.5753867,33.51434073
163,김녕초등학교 놀이터,학교,제주특별자치도 제주시 구좌읍 김녕로 117,126.7508488,33.55523103
164,이도초등학교 운동장 놀이터,학교,제주특별자치도 제주시 구남동2길 58,126.532089,33.48801983
165,노형초등학교 놀이시설,학교,제주특별자치도 제주시 노형로 383,126.4761791,33.48471142
166,제주영송학교 놀이시설,학교,제주 제주시 애월읍광령중길126-3번지,126.434208,33.44988717
167,애월초등학교 더럭분교장 놀이시설,학교,제주특별자치시 제주시 하가로 195,126.3455491,33.45335272
168,우도초등학교 놀이시설,학교,제주특별자치시 제주시 우도로 156-11,126.9553026,33.5055213
169,신산초등학교 놀이시설,학교,제주특별자치도 서귀포시 성산읍 일주동로 5104,126.8755314,33.38151273
170,무릉초등학교 놀이시설,학교,제주특별자치도 서귀포시 대정읍 서삼중로 106,126.2015392,33.27226184
171,하례초등학교 놀이시설,학교,제주특별자치도 서귀포시 남원읍 일주동로 8002,126.6309465,33.26444226
172,위미초등학교 놀이시설,학교,제주특별자치도 서귀포시 남원읍 태위로 57,126.6533614,33.2738571
173,의귀초등학교 놀이시설,학교,제주특별자치도 서귀포시 남원읍 한신로 213,126.7142183,33.310574
174,태흥초등학교 놀이시설,학교,제주특별자치도 서귀포시 남원읍 태위로 915,126.742962,33.28605026
175,성산초등학교 놀이시설,학교,제주특별자치도 서귀포시 성산읍 한도로 217,126.9317533,33.46792247
176,도순초등학교 놀이시설,학교,제주특별자치도 서귀포시 도순남로 83,126.4774913,33.24701935
177,서호초등학교 놀이시설,학교,제주특별자치도 서귀포시 호근남로 40,126.5292612,33.2536558
178,동홍초등학교 놀이시설,학교,제주특별자치도 서귀포시 동홍북로 17,126.570147,33.26013416
179,서귀북초등학교 놀이시설,학교,제주특별자치도 서귀포시 중앙로 175,126.558793,33.26004905
180,김녕초등학교 동복분교장 놀이시설,학교,제주특별자치도 제주시 구좌읍 동복로 66-5,126.7135144,33.55217418
181,한림초등학교 비양분교장 놀이시설,학교,제주특별자치도 제주시 한림읍 비양도길 270,126.2312296,33.40716457
182,함덕초등학교선인분교장 놀이시설,학교,제주특별자치도 제주시 조천읍 선진길 7-18,126.7041538,33.45913501
183,함덕초등학교선흘분교장 놀이시설,학교,제주특별자치도 제주시 조천읍 선흘동1길 41,126.7048558,33.51484606
184,세화초등학교 놀이시설,학교,제주특별자치도 제주시 구좌읍 구좌로 65,126.8587269,33.52235142
185,도남초등학교 놀이시설,학교,제주특별자치도 제주시 도남로8길 22,126.5257325,33.49344108
186,수원초등학교 놀이시설,학교,제주특별자치도 제주시 한림읍 한림로 822,126.2701726,33.42546826
187,일도초등학교 놀이시설,학교,제주특별자치도 제주시 삼성로9길 27,126.5293678,33.5095663
188,광양초등학교 놀이시설,학교,제주특별자치도 제주시 돈내길 5,126.529784,33.50231918
189,인화초등학교 놀이시설,학교,제주시 신산로 15길 35,126.5378925,33.50742578
190,동남초등학교 놀이시설,학교,제주특별자치도 서귀포시 성산읍 고성오조로 55,126.9140014,33.448752
191,아라초등학교 놀이시설,학교,제주특별자치도 제주시 중앙로 518,126.5437561,33.47719047
192,구엄초등학교 놀이시설,학교,제주특별자치도 제주시 애월읍 일주서로 6768,126.374833,33.47321301
193,하귀초등학교 놀이시설,학교,제주특별자치시 제주시 하귀로 44,126.401933,33.47935187
194,종달초등학교 놀이시설,학교,제주특별자치도 제주시 구좌읍 종달로7길 5,126.897138,33.4924122
195,귀덕초등학교 놀이시설,학교,제주특별자치도 제주시 한림읍 귀덕14길 14-5,126.2933931,33.44180459
196,도평초등학교 놀이시설,학교,제주특별자치도 제주시 도평길 17,126.447263,33.48051903
197,창천초등학교 놀이시설,학교,제주특별자치도 서귀포시 안덕면 창천중앙로 12,126.3692775,33.26332116
198,표선초등학교 놀이시설,학교,제주특별자치도 서귀포시 표선면 표선동서로 293,126.8349541,33.32960361
199,시흥초등학교 놀이시설,학교,제주특별자치시 서귀포시 시흥상동로 113,126.8954972,33.47913929
200,추자초등학교신양분교장 놀이시설,학교,제주특별자치도 제주시 추자면 추자로 553-10,126.3256565,33.94487405
201,추자초등학교 놀이시설,학교,제주특별자치도 제주시 추자면 대서3길 10,126.2955692,33.96384376
202,하원초등학교 놀이시설,학교,제주특별자치도 서귀포시 월평하원로 149 ,126.4595467,33.25279374
203,흥산초등학교 놀이시설,학교,제주특별자치도 서귀포시 남원읍 일주동로 6642,126.76535,33.299962
204,해안초등학교 놀이시설,학교,제주특별자치시 제주시 해안마을길 76,126.4541806,33.45666692
205,법환초등학교 놀이시설,학교,제주특별자치도 서귀포시 이어도로 879,126.5089302,33.23760905
206,신제주초등학교 놀이시설,학교,제주특별자치도 제주시 비월길 29,126.4978164,33.48285406
207,영평초등학교 놀이시설,학교,제주특별자치도 제주시 아봉로 225 ,126.5670095,33.47852763
208,한림초등학교 놀이시설,학교,제주특별자치시 제주시 한림로4길 16,126.2610903,33.41119642
209,온평초등학교 놀이시설,학교,제주특별자치도 서귀포시 성산읍 일주동로 4740,126.8967564,33.4081482
210,함덕초등학교 놀이시설,학교,제주특별자치도 제주시 조천읍 일주동로 1231,126.672304,33.53843007
211,서귀중앙초등학교 놀이시설,학교,제주특별자치도 서귀포시 동문동로 54 ,126.5637876,33.25277268
212,안덕초등학교 놀이시설,학교,제주특별자치도 서귀포시 안덕면 화순로56번길 32,126.3360634,33.2503537
213,삼성초등학교 놀이시설,학교,제주특별자치도 제주시 서광로29길 35 ,126.525508,33.50297896
214,제주서초등학교 놀이시설,학교,제주특별자치도 제주시 성화로6길 51,126.5104557,33.51187275
215,한라초등학교 놀이시설,학교,제주특별자치시 제주시 연화로 42,126.4864829,33.47810109
216,화북초등학교 놀이시설,학교,제주특별자치도 제주시 일주동로 157 ,126.5619226,33.51844983
217,조천초등학교교래분교 놀이시설,학교,제주특별자치도 제주시 조천읍 비자림로 672,126.6783048,33.43639488
218,송당초등학교 놀이시설,학교,제주특별자치시 제주시 중산간동로 2218-3,126.781183,33.47089121
219,오라초등학교 놀이시설,학교,제주특별자치도 제주시 연사길 48 ,126.5135068,33.4899133
220,한동초등학교 놀이시설,학교,제주특별자치도 제주시 구좌읍 일주동로 2831,126.8287589,33.53856856
221,제주동초등학교 놀이시설,학교,제주특별자치도 제주시 동문로 65 ,126.5335091,33.51398178
222,신광초등학교 놀이시설,학교,제주특별자치도 제주시 성신로 25 ,126.4844333,33.49166135
223,대흘초등학교 놀이시설,학교,제주특별자치도 제주시 조천읍 중산간동로 677,126.6579675,33.49940642
224,곽금초등학교 놀이시설,학교,제주특별자치도 제주시 애월읍 일주서로 6000,126.3071392,33.44688622
225,저청초등학교 놀이시설,학교,제주특별자치도 제주시 한경면 중산간서로 3591,126.2516178,33.32637258
226,효돈초등학교 놀이시설,학교,제주특별자치도 서귀포시 효돈로 161,126.616115,33.26427079
227,중문초등학교 놀이시설,학교,제주특별자치도 서귀포시 천제연로 231,126.4294707,33.25237921
228,장전초등학교 놀이시설,학교,제주특별자치도 제주시 애월읍 장전로 122,126.3904901,33.44966094
229,신촌초등학교 놀이시설,학교,제주특별자치도 제주시 조천읍 신북로 51,126.6193003,33.53392261
230,납읍초등학교놀이시설,학교,제주특별자치도 제주시 애월읍 납읍로2길 47,126.3308347,33.43533243
231,광령초등학교 놀이시설,학교,제주특별자치도 제주시 애월읍 광성로 276,126.4368218,33.45977147
232,하도초등학교 놀이시설,학교,제주특별자치도 제주시 구좌읍 일주동로 3378,126.8787775,33.51709882
233,새서귀초등학교 놀이시설,학교,제주특별자치시 서귀포시 신서귀로76번길 6-3,126.5132139,33.25635261
234,외도초등학교 놀이시설,학교,제주특별자치도 제주시 일주서로 7368 ,126.4344316,33.49307394
235,조천초등학교 놀이시설,학교,제주특별자치도 제주시 조천읍 신북로 195,126.6338276,33.53540027
236,토평초등학교 놀이시설,학교,제주특별자치시 서귀포시 토평남로 86,126.5895879,33.2658264
237,보목초등학교 놀이시설,학교,제주특별자치도 서귀포시 마소물로8번길 9,126.5999776,33.24466337
238,봉개초등학교 놀이시설,학교,제주특별자치도 제주시 번영로 484,126.5936357,33.49033002
239,평대초등학교 놀이시설,학교,제주특별자치시 제주시 일주동로 2979,126.840447,33.52923497
240,구좌중앙초등학교 놀이시설,학교,제주특별자치도 제주시 구좌읍 월정7길,126.8167828,33.52534288
241,수산초등학교 놀이시설,학교,제주특별자치도 서귀포시 성산읍 수시로 9,126.8858141,33.44716882
242,서광초등학교 놀이시설,학교,제주특별자치도 서귀포시 안덕면 중산간서로 1842,126.3262531,33.28826722
243,제주북초등학교 놀이시설,학교,제주특별자치도 제주시 중앙로8길 18,126.5223954,33.51509319
244,고산초등학교 놀이시설,학교,제주특별자치도 제주시 한경면 고산로1길 16,126.1772074,33.30417212
245,대정서초등학교 놀이시설,학교,제주특별자치도 서귀포시 대정읍 동일하모로 43,126.2390379,33.23188085
246,가파초등학교 놀이시설,학교,제주특별자치도 서귀포시 대정읍 가파로67번길 45,126.2704263,33.16905617
247,강정초등학교 놀이시설,학교,제주특별자치시 서귀포시 말질로 188,126.4788845,33.23471815
248,제주영지학교 놀이시설,학교,제주특별자치도 제주시 간월동로3길 15,126.5426429,33.48832994
249,한마음초등학교 놀이시설,학교,제주특별자치도 서귀포시 표선면 한마음초등로 408,126.8150686,33.3518721
250,서귀포초등학교 놀이시설,학교,제주특별자치도 서귀포시 솔동산로11번길 17 ,126.5657306,33.24399774
251,어도초등학교 놀이시설,학교,제주특별자치도 제주시 애월읍 봉성로 76,126.313225,33.41986384
252,남광초등학교 놀이시설,학교,제주특별자치도 제주시 남광로 28,126.539594,33.49307895
253,북촌초등학교 놀이시설,학교,제주특별자치도 제주시 조천읍 일주동로 1481,126.6918225,33.54762269
254,토산초등학교 놀이시설,학교,제주특별자치도 서귀포시 표선면 토산중앙로 68-9,126.7776233,33.31207558
255,대정초등학교 놀이시설,학교,제주특별자치도 서귀포시 대정읍 상모대서로 15,126.2557889,33.22507629
256,성읍초등학교 놀이시설,학교,제주특별자치도 서귀포시 표선면 성읍민속로 65,126.7980732,33.38378934
257,사계초등학교 놀이시설,학교,제주특별자치시 서귀포시 산방로 346,126.2997059,33.23323934
258,예래초등학교 놀이시설,학교,제주특별자치도 서귀포시 예래로 210-14 ,126.3914098,33.24599482
259,물메초등학교 놀이시설,학교,제주특별자치도 제주시 애월읍 엄수로 202-4,126.3913224,33.46591153
260,가마초등학교 놀이시설,학교,제주특별자치도 서귀포시 표선면 일주동로6285번길 8,126.7996526,33.30535141
261,풍천초등학교 놀이시설,학교,제주특별자치도 서귀포시 성산읍 풍천로 18,126.8502044,33.34879166
262,보성초등학교 놀이시설,학교,제주특별자치도 서귀포시 대정읍 추사로55번길 6-1,126.275948,33.24943082
263,서귀서초등학교 놀이시설,학교,제주특별자치도 서귀포시 솜반천로 38,126.5565892,33.25446915
264,덕수초등학교 놀이시설,학교,제주특별자치도 서귀포시 안덕면 덕수서로 10,126.304474,33.25154174
265,재릉초등학교 놀이시설,학교,제주특별자치도 제주시 한림읍 한림로 288-18,126.2382299,33.38850017
266,제주중앙초등학교놀이시설,학교,제주특별자치도 제주시 서사로18길 40,126.5157275,33.50262534
267,백록초등학교 놀이시설,학교,제주특별자치도 제주시 정존5길 62,126.4703769,33.48694058
268,남원초등학교 놀이시설,학교,제주특별자치도 서귀포시 남원읍 한신로 213,126.7142183,33.310574
269,신례초등학교 놀이시설,학교,제주특별자치도 서귀포시 남원읍 중산간동로 7116,126.6321724,33.28420944
270,동광초등학교 놀이시설,학교,제주특별자치시 제주시 태성로 6,126.5474805,33.5014839
271,신창초등학교 놀이시설,학교,제주특별자치도 제주시 한경면 두신로 72,126.1842937,33.3489736
272,동화초등학교 놀이시설,학교,제주특별자치도 제주시 동화로1길 44 ,126.5758382,33.51884118
273,제주남초등학교 놀이시설,학교,제주특별자치도 제주시 남성로 149,126.5211228,33.50973286
274,서귀포온성학교 놀이시설,학교,제주특별자치도 서귀포시 516로 447-10,126.5932251,33.29135422
275,도리초등학교 놀이시설,학교,제주특별자치도 제주시 도리로 129,126.4648519,33.50170263
276,금악초등학교 놀이시설,학교,제주특별자치도 제주시 한림읍 금악남2길 1,126.2956986,33.35636579
277,애월초등학교 놀이시설,학교,제주특별자치도 제주시 애월읍 애월로 139-10,126.321665,33.46524181
278,한천초등학교 놀이시설,학교,제주특별자치도 제주시 남성로11길 22,126.5131732,33.50712318
279,삼양초등학교 놀이시설,학교,제주특별자치도 제주시 지석14길 7 ,126.5862827,33.52031928
280,에덴빌리지 실외놀이시설,주택단지,제주 제주시 조천읍 함덕리1752-1,126.6651311,33.53078332
281,제주 삼화 부영8차아파트 어린이놀이시설,주택단지,제주특별자치도 제주시 도련3길 47,126.5861438,33.51112266
282,라모인빌리지 어린이놀이시설2,주택단지,제주 서귀포시 안덕면 서광리1395번지,126.2989796,33.29037878
283,라모인빌리지어린이놀이시설1,주택단지,제주 서귀포시 안덕면 서광리1395번지,126.2989796,33.29037878
284,한림코아루아파트 어린이놀이시설,주택단지,제주 제주시 한림읍 동명리1581-1,126.2647535,33.40769309
285,해동그린앤골드 연립 어린이놀이시설,주택단지,제주 서귀포시 대정읍 구억리1115,126.2855129,33.29223121
286,강정동 군관사 어린이놀이시설,주택단지,제주 서귀포시 강정동4699-1,126.4786868,33.23188624
287,서귀포 혁신 부영아파트 놀이시설(107동),주택단지,제주 서귀포시 서호동1534번지,126.5225665,33.25141215
288,서귀포 혁신 부영아파트 놀이시설(104동),주택단지,제주 서귀포시 서호동1534번지 ,126.5225665,33.25141215
289,메르디안 어린이놀이시설,주택단지,제주특별자치도 서귀포시 1100로 34-4,,
290,뜨레모아 9차 아파트 어린이놀이터,주택단지,제주 제주시 연동제주시 연동 258번지,126.4868205,33.48285384
291,중문 푸른마을아파트 101동옆 놀이시설,주택단지,제주특별자치도 서귀포시 천제연로 239,126.4312716,33.25265799
292,중문푸른마을아파트 112동옆 놀이시설,주택단지,제주특별자치도 서귀포시 천제연로 239,126.4312716,33.25265799
293,남원LH아파트 어린이놀이시설3(보육시설),주택단지,제주 서귀포시 남원읍 남원리40-1,126.721916,33.28093736
294,남원 LH 아파트 어린이놀이시설1(관리사무소),주택단지,제주 서귀포시 남원읍 남원리40-1,126.721916,33.28093736
295,남원 LH 아파트 어린이 놀이시설2(106동),주택단지,제주 서귀포시 남원읍 남원리40-1,126.721916,33.28093736
296,삼화부영7차아파트내 704동옆 놀이시설,주택단지,제주특별자치도 제주시 화삼북로 90 ,126.5843351,33.51347871
297,제이원파크 어린이놀이시설,주택단지,제주 서귀포시 동홍동405-1,126.5712337,33.2508242
298,제주삼화 LH 3단지 보육시설앞 놀이시설,주택단지,제주특별자치도 제주시 화삼로 110 ,126.5874434,33.51620294
299,제주삼화 LH 3단지 311동앞 놀이시설,주택단지,제주특별자치도 제주시 화삼로 110 ,126.5874434,33.51620294
300,제주삼화 LH 3단지 306동옆 놀이시설,주택단지,제주특별자치도 제주시 화삼로 110 ,126.5874434,33.51620294
301,제주삼화 LH 3단지 302동옆 놀이시설,주택단지,제주특별자치도 제주시 화삼로 110 ,126.5874434,33.51620294
302,KIS빌리지 놀이시설,주택단지,제주특별자치도 서귀포시 대정읍 추사로38번길 214,126.2782563,33.2687656
303,상록아파트 어린이놀이터2,주택단지,제주특별자치도 서귀포시 신서로52번길 35,126.5055455,33.25554678
304,상록아파트 어린이놀이터1,주택단지,제주특별자치도 서귀포시 신서로52번길 35,126.5055455,33.25554678
305,서귀포혁신도시 LH 2단지 유아놀이터,주택단지,제주특별자치도 서귀포시 서호남로 92-16,126.5209075,33.24869186
306,서귀포혁신도시 LH 2단지 어린이놀이터2,주택단지,제주특별자치도 서귀포시 서호남로 92-16,126.5209075,33.24869186
307,서귀포혁신도시 LH 2단지 어린이놀이터1,주택단지,제주특별자치도 서귀포시 서호남로 92-16,126.5209075,33.24869186
308,브리타니다세대주택 놀이시설,주택단지,제주특별자치도 서귀포시 대정읍 중산간서로 2279,126.2854745,33.2798791
309,헤르지아아파트 놀이시설,주택단지,제주특별자치도 제주시 사평4길 24-18,126.5113672,33.48960731
310,삼정 G-edu 112동 놀이시설,주택단지,제주특별자치도 서귀포시 대정읍 에듀시티로 86,126.2818445,33.28793641
311,삼정 G-edu 104동 놀이시설,주택단지,제주특별자치도 서귀포시 대정읍 에듀시티로 86,126.2818445,33.28793641
312,삼정 G-edu 140동 놀이시설,주택단지,제주특별자치도 서귀포시 대정읍 에듀시티로 86,126.2818445,33.28793641
313,삼정 G-edu 108동 놀이시설,주택단지,제주특별자치도 서귀포시 대정읍 에듀시티로 86,126.2818445,33.28793641
314,삼화부영6차 602동 뒤 어린이놀이터,주택단지,제주특별자치도 제주시 화삼로 107,126.5839157,33.51339615
315,삼화부영6차 603동 뒤 어린이놀이터,주택단지,제주특별자치도 제주시 화삼로 107,126.5839157,33.51339615
316,대한항공사원주택 놀이터,주택단지,제주특별자치도 제주시 은남길 20 ,126.4951723,33.4879372
317,라온프라이빗에듀아파트109동앞어린이놀이터,주택단지,제주특별자치도 서귀포시 대정읍 에듀시티로 74,126.2814769,33.28824984
318,라온프라이빗에듀아파트102동옆어린이놀이터,주택단지,제주특별자치도 서귀포시 대정읍 에듀시티로 74,126.2814769,33.28824984
319,온주빌리지 놀이시설,주택단지,제주특별자치도 서귀포시 하논로 29-16,126.5506473,33.25176988
320,동홍대림아파트 놀이터 1,주택단지,제주특별자치도 서귀포시 동홍중앙로 61,126.5712835,33.25599065
321,동홍주공5차아파트 520동앞 놀이시설,주택단지,제주특별자치도 서귀포시 중산간동로 8002,126.5611155,33.26557523
322,동홍주공5차아파트 관리사무소앞 놀이시설,주택단지,제주특별자치도 서귀포시 중산간동로 8002,126.5611155,33.26557523
323,형남4차아파트 놀이시설,주택단지,제주특별자치도 서귀포시 홍중로 59 ,126.5559286,33.25773966
324,노형2차아이파크아파트 201동앞놀이터,주택단지,제주특별자치도 제주시 노형12길 24 ,126.4795786,33.48301281
325,삼화2단지아파트 207동앞 유아놀이시설,주택단지,제주특별자치도 제주시 화삼로 32 ,126.5771374,33.51509507
326,삼화2단지아파트 207동앞 놀이시설,주택단지,제주특별자치도 제주시 화삼로 32 ,126.5771374,33.51509507
327,다담빌리지 1차 놀이시설,주택단지,제주특별자치도 제주시 월광로 26,126.4645973,33.483715
328,방선문2차빌리지 어린이놀이터,주택단지,제주특별자치도 제주시 아봉로 69,126.5511704,33.47893974
329,중문푸른마을아파트 109동옆 놀이시설,주택단지,제주특별자치도 서귀포시 천제연로 239,126.4312716,33.25265799
330,방선문빌리지 4차 놀이터,주택단지,제주특별자치도 제주시 복지로 72,126.5253367,33.48712847
331,아덴힐리조트 어린이놀이터2,주택단지,제주특별자치도 제주시 화전길 82,126.3692191,33.34414942
332,아덴힐리조트 어린이놀이터1,주택단지,제주특별자치도 제주시 화전길 82,126.3692191,33.34414942
333,이도주공2단지 309동앞 놀이시설,주택단지,제주특별자치도 제주시 구남로 43,126.5328725,33.49038495
334,이도주공2단지 304동옆 놀이시설,주택단지,제주특별자치도 제주시 구남로 43,126.5328725,33.49038495
335,삼화1차부영아파트 어린이놀이터,주택단지,제주특별자치도 제주시 화삼북로 136,126.5881422,33.51636757
336,이든빌 놀이시설,주택단지,제주특별자치도 제주시 연오로 111,126.5017312,33.48313141
337,오라뜨래별아파트 놀이시설,주택단지,제주특별자치도 제주시 연사3길 14,126.5118401,33.487797
338,제주혁신도시 LH아파트 1단지 유아놀이터,주택단지,제주특별자치도 서귀포시 서호남로 92-15,126.5236821,33.24952305
339,제주혁신도시LH아파트 1단지 2호놀이터,주택단지,제주특별자치도 서귀포시 서호남로 92-15,126.5236821,33.24952305
340,제주혁신도시 LH아파트 1단지 1호놀이터,주택단지,제주특별자치도 서귀포시 서호남로 92-15,126.5236821,33.24952305
341,제주삼화부영5차아파트 2놀이터,주택단지,제주특별자치도 제주시 화삼로 166,126.580113,33.51851324
342,제주삼화부영5차아파트 1놀이터,주택단지,제주특별자치도 제주시 화삼로 166,126.580113,33.51851324
343,일호지오빌아파트 놀이터,주택단지,제주특별자치도 서귀포시 홍중동로 19,126.5582302,33.25674711
344,일호지오빌2-2차아파트 어린이 놀이터,주택단지,제주특별자치도 서귀포시 중앙로 189,126.5577059,33.26068531
345,인터불고코아루 어린이놀이터,주택단지,제주특별자치도 서귀포시 일주동로 8565,126.5736225,33.25387994
346,부영아파트(306동),주택단지,제주특별자치도 제주시 화삼로 167,126.5796364,33.51692483
347,부영아파트(309동옆),주택단지,제주특별자치도 제주시 화삼로 167,126.5796364,33.51692483
348,제주아라지구 아이파크아파트108동앞놀이터,주택단지,제주특별자치도 제주시 인다1길 20,126.5510049,33.47560327
349,제주아라지구 아이파크아파트 103동앞놀이터,주택단지,제주특별자치도 제주시 인다1길 20,126.5510049,33.47560327
350,동홍주공5차아파트 528동앞 놀이시설,주택단지,제주특별자치도 서귀포시 중산간동로 8002,126.5611155,33.26557523
351,삼화2차 부영아파트 202동 앞,주택단지,제주특별자치도 제주시 화삼로 12,126.5763957,33.51490318
352,삼화2차 부영아파트 208동 앞,주택단지,제주특별자치도 제주시 화삼로 12,126.5763957,33.51490318
353,연동 대림2차아파트 놀이터,주택단지,제주특별자치도 제주시 연화로 25,126.488562,33.47946211
354,KCC제주아라아파트 105동 앞 거북이두마리 놀이터,주택단지,제주특별자치도 제주시 아란9길 22,126.5434461,33.4727445
355,KCC제주아라아파트 105동 앞 스위스놀이터,주택단지,제주특별자치도 제주시 아란9길 22,126.5434461,33.4727445
356,캐논스빌리지2차 연립주택 놀이터,주택단지,제주특별자치도 서귀포시 대정읍 글로벌에듀로145번길 33,126.2918204,33.29682953
357,라온 프라이빗타운 놀이마당 어린이놀이터,주택단지,제주특별자치도 제주시 한림읍 금능남로 127,126.2440881,33.3760312
358,용두암1차현대아파트 남쪽놀이터,주택단지,제주특별자치도 제주시 용담로5길 25 ,126.5078198,33.51547758
359,형남3차아파트,주택단지,제주특별자치도 서귀포시 홍중로 115,126.5553666,33.26274162
360,제주으뜸마을2단지 2어린이놀이터,주택단지,제주특별자치도 제주시 진군1길 3,126.4816198,33.47813483
361,중흥S클래스아파트 뒷 놀이터,주택단지,제주특별자치도 제주시 한라대학로 107,126.4818421,33.47693666
362,제주서귀포주공6아파트(608동 앞) 유아놀이터,주택단지,제주특별자치도 서귀포시 중앙로 198-11,126.5607851,33.26299542
363,해군아파트 어린이놀이터,주택단지,제주특별자치도 제주시 삼동길 33,126.494266,33.47916108
364,캐논스빌리지1차 연립주택 놀이시설,주택단지,제주특별자치도 서귀포시 대정읍 글로벌에듀로145번길 46 ,126.2896629,33.29544674
365,일호지오빌 2-1차,주택단지,제주특별자치도 서귀포시 중앙로195번길 7,126.5575096,33.26129771
366,방선문빌리지 어린이 놀이터,주택단지,제주특별자치도 제주시 아연로 534-16,126.5366429,33.47552303
367,휴먼시아아파트 204동 앞 어린이놀이터2,주택단지,제주특별자치도 제주시 애월읍 하귀9길 71,126.4155236,33.4806071
368,휴먼시아아파트203동 앞 어린이놀이터1,주택단지,제주특별자치도 제주시 애월읍 하귀9길 71,126.4155236,33.4806071
369,제주삼화아파트 유아놀이터,주택단지,제주특별자치도 제주시 화삼북로2길 12 ,126.5742793,33.51628432
370,제주삼화아파트 어린이놀이터4,주택단지,제주특별자치도 제주시 화삼북로2길 12 ,126.5742793,33.51628432
371,제주삼화아파트 어린이놀이터3,주택단지,제주특별자치도 제주시 화삼북로2길 12 ,126.5742793,33.51628432
372,제주삼화아파트 어린이놀이터2,주택단지,제주특별자치도 제주시 화삼북로2길 12 ,126.5742793,33.51628432
373,제주삼화아파트 어린이놀이터1,주택단지,제주특별자치도 제주시 화삼북로2길 12 ,126.5742793,33.51628432
374,제일빌리지 관리사무소 옆 놀이터,주택단지,제주특별자치도 제주시 애월읍 중산간서로 6703-11,126.4450663,33.46233327
375,제주화북3 공공임대아파트 어린이놀이터(302동 앞),주택단지,제주특별자치도 제주시 동화로1길 35,126.5775559,33.51975769
376,남제주화력발전소화순사택 부지 내 놀이터,주택단지,제주특별자치도 서귀포시 안덕면 화순서서로 15,126.3290292,33.25248865
377,건입현대아파트 1놀이터,주택단지,제주특별자치도 제주시 만덕로3길 26,126.5346456,33.51678999
378,서귀 동홍3 영구임대아파트 어린이놀이터(305동과 308동사이),주택단지,제주특별자치도 서귀포시 태평로512번길 13,126.5739216,33.24976958
379,제주화북3 공공임대아파트 어린이놀이터(304동 앞),주택단지,제주특별자치도 제주시 동화로1길 35,126.5775559,33.51975769
380,제주아라영구임대아파트 어린이놀이터(101동),주택단지,제주특별자치도 제주시 인다12길 2 ,126.5463926,33.47297176
381,제주아라영구임대아파트 어린이놀이터(109동),주택단지,제주특별자치도 제주시 인다12길 2 ,126.5463926,33.47297176
382,성환아파트 놀이터,주택단지,제주특별자치도 제주시 태성로 23,126.549698,33.50137482
383,노형수선화아파트 놀이터,주택단지,제주특별자치도 제주시 수덕로 25,126.4744853,33.48724667
384,화북주공4단지아파트(419동) 3놀이터,주택단지,제주특별자치도 제주시 동화로1길 10,126.5743663,33.51828613
385,"대림아파트 203동 놀이터(조합1,그네1,흔들3,바닥재만 검사)",주택단지,제주특별자치도 제주시 태성로 39,126.5505106,33.50031392
386,외도2차부영아파트 209동 놀이터,주택단지,제주특별자치도 제주시 우평로 318,126.4330215,33.48493523
387,외도2차부영아파트 208동 놀이터,주택단지,제주특별자치도 제주시 우평로 318,126.4330215,33.48493523
388,외도2차부영아파트 203동 놀이터,주택단지,제주특별자치도 제주시 우평로 318,126.4330215,33.48493523
389,신천지2차아파트 201동 뒤 놀이터,주택단지,제주특별자치도 제주시 천수로 92 ,126.546034,33.50642826
390,제주부영1차아파트 놀이시설,주택단지,제주특별자치도 제주시 원노형로 93,126.4854281,33.47999002
391,대신빌라 놀이터,주택단지,제주특별자치도 제주시 남녕로 28-5,126.4817048,33.49088357
392,한일베라체아파트 어린이놀이터3(108동 앞),주택단지,제주특별자치도 제주시 신설로 55,126.5471814,33.49285464
393,한일베라체아파트 어린이놀이터2(103동 108동사이),주택단지,제주특별자치도 제주시 신설로 55,126.5471814,33.49285464
394,한일베라체아파트 어린이놀이터1(102동 109동사이),주택단지,제주특별자치도 제주시 신설로 55,126.5471814,33.49285464
395,노형부영3차아파트 놀이터,주택단지,제주특별자치도 제주시 과원로 27 ,126.486479,33.47693804
396,고성아파트 101동 옆 놀이터,주택단지,제주특별자치도 제주시 애월읍 고성서3길 15-5,126.4107925,33.46594294
397,고성아파트 104동 옆 놀이터,주택단지,제주특별자치도 제주시 애월읍 고성서3길 15-5,126.4107925,33.46594294
398,고성아파트 109동 옆 놀이터,주택단지,제주특별자치도 제주시 애월읍 고성서3길 15-5,126.4107925,33.46594294
399,장원하이빌아파트 놀이터,주택단지,제주특별자치도 제주시 용문로14길 14,126.5102314,33.50586733
400,하귀휴먼시아1단지 104동 앞 어린이놀이터,주택단지,제주특별자치도 제주시 애월읍 하귀9길 45,126.4165754,33.48257752
401,제주화북3 공공임대아파트 유아놀이터(경로당 옆),주택단지,제주특별자치도 제주시 동화로1길 35,126.5775559,33.51975769
402,동남서호연립 놀이터,주택단지,제주특별자치도 서귀포시 신서귀로 3,126.509129,33.24996202
403,노형아이파크 놀이터,주택단지,"제주특별자치도 제주시 원노형로 90, 102동 1203호",126.4842961,33.48037297
404,나산빌라 놀이터,주택단지,제주특별자치도 서귀포시 중앙로150번길 33 ,126.5615605,33.26032939
405,세기1차아파트 놀이터,주택단지,제주특별자치도 서귀포시 태평로 551,126.5754508,33.25304773
406,한화아파트 놀이터,주택단지,제주특별자치도 제주시 원노형로 102,126.4839244,33.47955097
407,하귀휴먼시아1단지 보육시설 뒤 유아놀이터,주택단지,제주특별자치도 제주시 애월읍 하귀9길 45,126.4165754,33.48257752
408,하귀휴먼시아1단지 103동 앞 어린이놀이터,주택단지,제주특별자치도 제주시 애월읍 하귀9길 45,126.4165754,33.48257752
409,하귀휴먼시아1단지 107동 앞 어린이놀이터,주택단지,제주특별자치도 제주시 애월읍 하귀9길 45,126.4165754,33.48257752
410,제주서귀포주공6아파트(608동 앞),주택단지,제주 서귀포시 동홍동 1575번지,126.5594575,33.26235055
411,대정주공아파트 108동 좌면 어린이놀이터,주택단지,제주특별자치도 서귀포시 대정읍 하모중앙로 6,126.2516258,33.2276839
412,대정주공아파트 104동 전면 어린이놀이터,주택단지,제주특별자치도 서귀포시 대정읍 하모중앙로 6,126.2516258,33.2276839
413,용연N타운 내 놀이터,주택단지,제주특별자치도 제주시 흥운길 57,126.5130595,33.51392966
414,이도주공1 아파트 뒤 놀이터,주택단지,"제주특별자치도 제주시 구남로7길 36, 주공아파트",126.5337333,33.49238071
415,제주한림아파트(102동 뒷편),주택단지,제주특별자치도 제주시 한림읍 대림4길 20,126.2662028,33.41938616
416,풍림빌라,주택단지,제주특별자치도 서귀포시 대포복개로 95 ,126.4343253,33.24673937
417,중문푸른마을아파트 104동옆 놀이시설,주택단지,제주특별자치도 서귀포시 천제연로 239,126.4312716,33.25265799
418,남원반석아파트어린이놀이터,주택단지,제주특별자치도 서귀포시 남원읍 남위남성로 10-8 ,126.7077164,33.28346506
419,남원에덴아파트 놀이터,주택단지,제주특별자치도 서귀포시 남원광지로 5,126.7123277,33.27840881
420,덕산캐슬아파트,주택단지,제주특별자치도 서귀포시 태평로 529-6,126.5735649,33.25249125
421,서진아파트,주택단지,제주특별자치도 서귀포시 지세못로 29,126.4627399,33.25529611
422,중문미듬하나로아파트,주택단지,제주특별자치도 서귀포시 천제연로232번길 18-5 ,126.4298232,33.24932437
423,성산그린하이츠빌라 놀이시설,주택단지,제주특별자치도 서귀포시 신서귀로97번길 84,126.5050136,33.25093739
424,대림한숲빌라,주택단지,제주특별자치도 서귀포시 신서귀로97번길 87,126.50676,33.25141321
425,삼주아파트 놀이시설,주택단지,제주특별자치도 서귀포시 김정문화로 66,126.5115099,33.25018784
426,서호 민우연립주택,주택단지,제주특별자치도 서귀포시 신서귀로 9 ,126.509129,33.24996202
427,현대1차연립 놀이시설,주택단지,제주특별자치도 서귀포시 신서귀로 10 ,126.5112678,33.24935739
428,세림아파트,주택단지,제주특별자치도 서귀포시 홍중로 75,126.5555351,33.2591628
429,태봉아파트,주택단지,제주특별자치도 서귀포시 홍중로 92,126.5559581,33.26038151
430,신라호텔사원아파트 어린이놀이터,주택단지,제주특별자치도 서귀포시 홍중로 81,126.5554043,33.25955003
431,동홍반석아르미아파트,주택단지,제주특별자치도 서귀포시 동홍로162번길 30,126.5703995,33.26332677
432,동홍대림아파트 놀이터 2,주택단지,제주특별자치도 서귀포시 동홍중앙로 61 ,126.5712835,33.25599065
433,주공4차아파트,주택단지,제주특별자치도 서귀포시 태평로512번길 10 ,126.5726477,33.24913405
434,주공1차아파트,주택단지,제주특별자치도 서귀포시 동홍중앙로 10,126.5726218,33.25224455
435,동홍주공2차아파트,주택단지,제주특별자치도 서귀포시 동홍중앙로 30,126.5725389,33.25383112
436,화북주공2단지아파트 놀이터(212동 앞),주택단지,제주특별자치도 제주시 동화로1길 39 ,126.5775559,33.51975769
437,화북주공2단지아파트 놀이터(206동 앞),주택단지,제주특별자치도 제주시 동화로1길 39 ,126.5775559,33.51975769
438,화북주공2단지아파트 놀이터(201동 앞),주택단지,제주특별자치도 제주시 동화로1길 39 ,126.5775559,33.51975769
439,화북주공2단지아파트 놀이터(관리실 앞),주택단지,제주특별자치도 제주시 동화로1길 39 ,126.5775559,33.51975769
440,도련주공아파트 2놀이터,주택단지,제주특별자치도 제주시 도련2길 14 ,126.5890332,33.50781452
441,도련주공아파트 1놀이터,주택단지,제주특별자치도 제주시 도련2길 14 ?,126.5890332,33.50781452
442,봉개반석2차아르미아파트 놀이시설,주택단지,제주특별자치도 제주시 삼봉로 299-3,126.5952459,33.49573584
443,도련미듬하나로아파트,주택단지,제주특별자치도 제주시 삼봉로 115,126.5895332,33.51131433
444,화북주공4단지아파트(관리동)유아놀이터,주택단지,제주특별자치도 제주시 동화로1길 10,126.5743663,33.51828613
445,화북주공4단지아파트(404동) 2놀이터,주택단지,제주특별자치도 제주시 동화로1길 10,126.5743663,33.51828613
446,화북주공1단지,주택단지,제주특별자치도 제주시 동화로1길 11 ,126.5750888,33.52019998
447,함덕진우파크빌,주택단지,제주특별자치도 제주시 조천읍 함덕남12길 19-6 ,126.6741892,33.53243055
448,함덕광명샤인빌아파트 101동 놀이시설,주택단지,제주특별자치도 제주시 조천읍 함덕30길 27,126.6776888,33.53795748
449,함덕광명샤인빌아파트 관리사무소앞 놀이시설,주택단지,제주특별자치도 제주시 조천읍 함덕30길 27,126.6776888,33.53795748
450,조천주암썬빌리지,주택단지,제주특별자치도 제주시 조천읍 신북로 324,126.6453813,33.54014943
451,조천반석아파트 어린이놀이터,주택단지,제주특별자치도 제주시 조천읍 일주동로 952-25,126.6453862,33.53373018
452,조천도화썬빌리지,주택단지,제주특별자치도 제주시 조천읍 조천18길 23-2,126.6453525,33.53931088
453,지엠전원빌라,주택단지,제주특별자치도 제주시 아연로 310,126.5206769,33.46591415
454,오등진평연립주택,주택단지,제주특별자치도 제주시 오등8길 16 ,126.524622,33.47032918
455,아라 영도그린빌,주택단지,제주특별자치도 제주시 대원길 13 ,126.5353644,33.47519365
456,아라미화아파트 2놀이터,주택단지,제주특별자치도 제주시 아란12길 8,126.5448137,33.4704415
457,아라미화아파트 1놀이터,주택단지,제주특별자치도 제주시 아란12길 8 ,126.5448137,33.4704415
458,아라원신아파트 1놀이터,주택단지,제주특별자치도 제주시 중앙로 578 ,126.5443445,33.47169297
459,염광아파트,주택단지,제주특별자치도 제주시 인다15길 5 ,126.5473967,33.4702166
460,도남2차e-편한세상,주택단지,제주특별자치도 제주시 서광로22길 32,126.5226229,33.49728784
461,도남e-편한세상1차 2놀이터,주택단지,제주특별자치도 제주시 오남로 7-13,126.5224212,33.49485279
462,도남e-편한세상1차 1놀이터,주택단지,제주특별자치도 제주시 오남로 7-13,126.5224212,33.49485279
463,영산홍아파트,주택단지,제주특별자치도 제주시 도남로17길 32 ,126.5316744,33.49107462
464,도남수선화1차아파트,주택단지,제주특별자치도 제주시 독짓골2길 26,126.530282,33.48987923
465,유나이티드아파트,주택단지,제주특별자치도 제주시 원노형10길 28,126.4858697,33.48352607
466,노형2차부영아파트2놀이터,주택단지,제주특별자치도 제주시 과원로 11,126.4846178,33.47693928
467,노형2차부영아파트1놀이터,주택단지,제주특별자치도 제주시 과원로 11,126.4846178,33.47693928
468,제주으뜸마을2단지 1어린이놀이터,주택단지,제주특별자치도 제주시 진군1길 3,126.4816198,33.47813483
469,해오름아파트,주택단지,제주특별자치도 제주시 연화로 16,126.4865996,33.48018424
470,미듬아뜨리에아파트 놀이시설,주택단지,제주특별자치도 제주시 중앙로26길 25 ,126.5228713,33.50492521
471,일도삼주타운 내 놀이터,주택단지,제주특별자치도 제주시 천수로8길 18,126.5431424,33.5037579
472,혜성대유아파트,주택단지,제주특별자치도 제주시 연수로 40 ,126.5452526,33.50562297
473,일도신천지아파트,주택단지,제주특별자치도 제주시 천수로 72,126.5442793,33.50448338
474,삼화아파트,주택단지,제주특별자치도 제주시 천수동로 2 ,126.5435345,33.50897951
475,대유대림 아파트 2놀이터,주택단지,제주특별자치도 제주시 남광로 181,126.5510895,33.50281342
476,대유대림 아파트 1놀이터,주택단지,제주특별자치도 제주시 남광로 181 ,126.5510895,33.50281342
477,일도 우성아파트 2차,주택단지,제주특별자치도 제주시 남광로 223,126.5503436,33.50345984
478,일도 대림아파트 1차,주택단지,제주특별자치도 제주시 태성로 31 ,126.5501205,33.50084443
479,일도 수선화아파트,주택단지,제주특별자치도 제주시 연삼로 560-1 ,126.54926,33.50281575
480,건입현대아파트 2놀이터,주택단지,제주특별자치도 제주시 만덕로3길 26,126.5346456,33.51678999
481,이도주공2단지 관리사무소앞 놀이시설,주택단지,제주특별자치도 제주시 구남로 43,126.5328725,33.49038495
482,혜성무지개아파트,주택단지,제주특별자치도 제주시 남광로 65 ,126.5418382,33.49600845
483,영산홍 연립,주택단지,제주특별자치도 제주시 승천로 27,126.5403638,33.49603902
484,아름마을아파트,주택단지,제주특별자치도 제주시 우정로18길 25,126.4281827,33.48448914
485,외도 부영1차아파트 109동,주택단지,제주특별자치도 제주시 우정로11길 22,126.4334612,33.4867945
486,외도 부영1차아파트 105동,주택단지,제주특별자치도 제주시 우정로11길 22,126.4334612,33.4867945
487,외도 부영1차아파트 104동,주택단지,제주특별자치도 제주시 우정로11길 22 ,126.4334612,33.4867945
488,한빛아파트,주택단지,제주특별자치도 제주시 연동4길 32,126.4872383,33.48316212
489,제원아파트 5동,주택단지,제주특별자치도 제주시 신광로6길 26,126.4873701,33.48815744
490,제원아파트 1동,주택단지,제주특별자치도 제주시 신광로6길 26,126.4873701,33.48815744
491,제원아파트 A동,주택단지,제주특별자치도 제주시 신광로6길 26,126.4873701,33.48815744
492,연동대림1차아파트 2놀이터,주택단지,제주특별자치도 제주시 국기로 14,126.4885669,33.48046289
493,연동대림1차아파트 1놀이터,주택단지,제주특별자치도 제주시 국기로 14,126.4885669,33.48046289
494,매일 조아라아파트 B동,주택단지,제주특별자치도 제주시 대통길 96-1,126.4452676,33.48465734
495,매일 조아라아파트 A동,주택단지,제주특별자치도 제주시 대통길 96-1,126.4452676,33.48465734
496,노형 동덕아파트,주택단지,제주특별자치도 제주시 정존11길 30,126.4751791,33.48638411
497,동아아파트 1놀이터,주택단지,제주특별자치도 제주시 독짓골8길 67,126.5309237,33.48862847
498,신세계아파트,주택단지,제주특별자치도 제주시 오현길 9,126.5275356,33.50609721
499,장원월드컵아파트,주택단지,제주특별자치도 제주시 서광로29길 25,126.5256415,33.50217707
500,노형성환그린아파트,주택단지,제주특별자치도 제주시 정존5길 39,126.4715727,33.48493518
501,탐라빌아파트,주택단지,제주특별자치도 제주시 수덕9길 72,126.4709346,33.48371531
502,노형 삼환2차아파트,주택단지,제주특별자치도 제주시 정존11길 35 ,126.4741258,33.48619029
503,정든마을 3단지 3놀이터,주택단지,제주특별자치도 제주시 정존11길 68,126.4729017,33.48932256
504,정든마을 3단지 2놀이터,주택단지,제주특별자치도 제주시 정존11길 68,126.4729017,33.48932256
505,정든마을 3단지 1놀이터,주택단지,제주특별자치도 제주시 정존11길 68 ,126.4729017,33.48932256
506,정든마을 1단지 3놀이터,주택단지,제주특별자치도 제주시 정존11길 54 ,126.4739299,33.4883262
507,정든마을 1단지 2놀이터,주택단지,제주특별자치도 제주시 정존11길 54,126.4739299,33.4883262
508,정든마을 1단지 1놀이터,주택단지,제주특별자치도 제주시 정존11길 54,126.4739299,33.4883262
509,뜨란채아파트 관리동옆,주택단지,제주특별자치도 제주시 수덕로 44,126.4714066,33.48746792
510,뜨란채아파트 208동앞,주택단지,제주특별자치도 제주시 수덕로 44 ,126.4714066,33.48746792
511,뜨란채아파트 218동앞,주택단지,제주특별자치도 제주시 수덕로 44 ,126.4714066,33.48746792
512,뜨란채아파트 212동앞,주택단지,제주특별자치도 제주시 수덕로 44,126.4714066,33.48746792
513,뜨란채아파트 204동옆,주택단지,제주특별자치도 제주시 수덕로 44 ,126.4714066,33.48746792
514,노형대림이편한세상,주택단지,제주특별자치도 제주시 수덕로 78,126.469293,33.48471803
515,노형중흥S클래스,주택단지,제주특별자치도 제주시 광평동로 66,126.4680173,33.48571328
516,제주대학병원 직장어린이집 어린이놀이시설,어린이집,제주 제주시 아라일동1753-3,126.5455626,33.46713543
517,내담어린이집 놀이시설,어린이집,제주 서귀포시 법환동1666-2번지,126.5127873,33.25011173
518,민들레어린이집내 어린이놀이시설,어린이집,제주특별자치도 제주시 우령6길 75-8 ,126.4296254,33.48435157
519,예꿈어린이집 놀이시설,어린이집,제주특별자치도 제주시 조천읍 신촌3길 3-6,126.6183886,33.53314442
520,나라어린이집 놀이시설,어린이집,제주특별자치도 제주시 천수로13길 20-1 ,126.5434461,33.50737437
521,프라임국제어린이집 놀이시설,어린이집,제주특별자치도 제주시 건주로2길 27-8 ,126.5793617,33.5180689
522,제주해양경비안전본부 내 어린이집 놀이터,어린이집,제주특별자치도 제주시 구산로 63 ,126.5411711,33.48585413
523,아이세상어린이집,어린이집,제주특별자치도 제주시 애월읍 엄장로 73,126.3788554,33.46885166
524,제주보듬이나눔이,어린이집,제주특별자치도 제주시 첨단로8길 17,126.5697805,33.44702677
525,성이시돌어린이집 놀이시설,어린이집,제주특별자치도 제주시 한림읍 중산간서로 4296-9,126.2948148,33.35936304
526,공립금능어린이집 놀이시설,어린이집,제주특별자치도 제주시 한림읍 금능농공길 41,126.2444765,33.35975099
527,도토리소풍 넥슨어린이집잔디놀이터,어린이집,제주특별자치도 제주시 1100로 3198-8,126.4857861,33.47224691
528,기쁨어린이집 놀이시설,어린이집,제주특별자치도 제주시 동고산로 37,126.5348913,33.49914697
529,아이공간어린이집 놀이시설,어린이집,제주특별자치도 제주시 수정길 3-2,126.4294665,33.49213146
530,서귀포시청직장어린이집 놀이시설,어린이집,제주특별자치도 서귀포시 중앙로 105,126.5600151,33.25394043
531,바투바투어린이집 놀이시설,어린이집,제주특별자치도 제주시 도련서길 9 ,126.5779472,33.5101752
532,봄소리어린이집 놀이시설,어린이집,제주특별자치도 제주시 설촌로8길 43,126.5861156,33.52373571
533,소미어린이집 놀이시설,어린이집,제주특별자치도 제주시 신성마을길 9,126.4883207,33.49479703
534,도토리소풍 넥슨어린이집 놀이터,어린이집,제주특별자치도 제주시 1100로 3198-8,126.4857861,33.47224691
535,마야어린이집 놀이터,어린이집,제주특별자치도 제주시 거로남6길 48,126.5648074,33.50775828
536,아람어린이집 놀이시설,어린이집,제주특별자치도 제주시 신산마을길 184,126.4564833,33.48052396
537,하도어린이집 놀이시설,어린이집,제주특별자치도 제주시 구좌읍 일주동로 3400,126.880757,33.51779502
538,푸른솔어린이집 놀이시설,어린이집,제주특별자치도 제주시 서광로27길 31,126.5244569,33.50231675
539,사나래어린이집 놀시시설,어린이집,제주특별자치도 제주시 정실4길 1,126.5095917,33.4687466
540,연두어린이집 놀이시설,어린이집,제주특별자치도 제주시 구산서길 76-19 ,126.5352282,33.48052151
541,숲&아이어린이집 놀이시설,어린이집,제주특별자치도 제주시 월산북길 69-10 ,126.4630652,33.4739983
542,한림어린이집 놀이시설,어린이집,제주특별자치도 제주시 한림읍 한림로14길 13,126.2669517,33.41600067
543,아이뜰어린이집 놀이시설,어린이집,제주특별자치도 서귀포시 동홍북로 11,126.5692911,33.25958119
544,혜성어린이집 놀이터,어린이집,제주특별자치도 제주시 진군남4길 20 ,126.4795404,33.47505167
545,은하수어린이집 놀이시설,어린이집,제주특별자치도 제주시 진동로 33 ,126.5678036,33.52195072
546,부라보어린이집 놀이시설,어린이집,제주특별자치도 제주시 삼봉로3길 9,126.5896126,33.51950999
547,함덕원광어린이집 놀이터,어린이집,제주특별자치도 제주시 함덕20길 42,126.6671371,33.53819979
548,은지어린이집 실내놀이터,어린이집,제주특별자치도 서귀포시 일주서로 1870,126.3184816,33.25101554
549,토마토어린이집,어린이집,제주특별자치도 제주시 월랑북3길 7,126.4764244,33.49218657
550,펀키즈어린이집 놀이터,어린이집,제주특별자치도 제주시 도근내길 46-7,126.4363246,33.49154993
551,에코숲어린이집,어린이집,제주특별자치도 제주시 월광로 111 ,126.4705437,33.48957391
552,다음 카카오어린이집 놀이시설(스페이스닷키즈어린이집),어린이집,제주특별자치도 제주시 첨단로 242,126.5701736,33.45016568
553,레몬숲어린이집 놀이시설,어린이집,제주특별자치도 제주시 우평로 367,126.427348,33.48380007
554,꿈빛나무어린이집 놀이터,어린이집,제주특별자치도 제주시 도련1길 35,126.5887534,33.51006754
555,윤샘어린이집 놀이터,어린이집,제주특별자치도 제주시 서천길 5 ,126.510705,33.50206454
556,아이샘어린이집 놀이터,어린이집,제주특별자치도 제주시 일주서로 7360,126.4336224,33.49341283
557,이든어린이집 어린이 놀이터,어린이집,제주특별자치도 제주시 조천읍 함덕남14길 12,126.6751858,33.53365032
558,예다운어린이집 놀이시설,어린이집,제주특별자치도 제주시 대원길 84,126.5341425,33.47035653
559,해피아이어린이집 놀이터,어린이집,제주특별자치도 제주시 우정로16길 21,126.4284109,33.48577044
560,우리들어린이집 놀이터,어린이집,제주특별자치도 제주시 우령8길 38,126.4272988,33.48799218
561,꿈마을어린이집 놀이터,어린이집,제주특별자치도 제주시 신대로13길 5 ,126.4975943,33.48776678
562,올리브나무어린이집 놀이터,어린이집,제주특별자치도 제주시 월구1길 31,126.5034305,33.4963735
563,둘리어린이집 놀이터,어린이집,제주특별자치도 제주시 연오로 122,126.5012626,33.48230006
564,한솔어린이집 놀이터,어린이집,제주특별자치도 제주시 원노형2길 29-11,126.482286,33.48366434
565,함덕아이숲어린이집 놀이시설,어린이집,제주특별자치도 제주시 조천읍 함덕남12길 39,126.6729122,33.53420327
566,앙팡어린이집 놀이시설,어린이집,제주특별자치도 제주시 용담로13길 18,126.5137636,33.51312102
567,에디슨어린이집 놀이터,어린이집,제주특별자치도 제주시 연사2길 12,126.5135407,33.48771357
568,꿈초롱어린이집 놀이터,어린이집,제주특별자치도 제주시 다랑곶7길 7,126.4810672,33.48954654
569,늘사랑어린이집놀이터,어린이집,제주특별자치도 제주시 관덕로3길 9,126.5210679,33.51381681
570,해달별어린이집 놀이터,어린이집,제주특별자치도 제주시 서사로 177-5,126.5203459,33.49651265
571,예크어린이집,어린이집,제주특별자치도 제주시 황사평6길 55,126.5594743,33.49410736
572,다인어린이집 놀이터,어린이집,제주특별자치도 제주시 매촌2길 21-7,126.5917263,33.51412556
573,KCTV직장어린이집 놀이터,어린이집,제주특별자치도 제주시 삼동길 55,126.4959592,33.48030401
574,띠앗어린이집 놀이터,어린이집,제주 제주시 아라이동제주특별자치도 제주시 간월동로5길 10,126.5482001,33.49146994
575,힘찬어린이집 놀이터,어린이집,제주특별자치도 제주시 원당로 30,126.5900238,33.52359553
576,참어린이집 놀이터,어린이집,제주특별자치도 제주시 매촌서1길 20,126.5911103,33.51464643
577,하람어린이집,어린이집,제주특별자치도 서귀포시 동홍북로35번길 78-10,126.5745875,33.26504532
578,동화숲어린이집 놀이터,어린이집,제주특별자치시 제주시 청풍남4길 14,126.5653934,33.51747941
579,청록어린이집 놀이터,어린이집,제주특별자치도 제주시 고사마루길 55,126.4719297,33.47580368
580,꿈나무어린이집 놀이터,어린이집,제주특별자치도 서귀포시 동홍중앙로90번길 52,126.5775409,33.25799578
581,샘어린이집 놀이터,어린이집,제주특별자치도 서귀포시 대정읍 일주서로3000번길 139,126.229017,33.25754154
582,신화어린이집,어린이집,제주특별자치도 제주시 중앙로24길 19-3,126.5232545,33.50570205
583,도두어린이집 놀이터,어린이집,제주특별자치도 제주시 도공로 54,126.4660135,33.50181585
584,열매어린이집 앞 놀이터,어린이집,제주특별자치도 서귀포시 토평로19번길 10,126.5871978,33.26965933
585,세화중앙어린이집 놀이터,어린이집,제주특별자치도 제주시 구좌읍 세화2길 4-3,126.8550874,33.52304135
586,피터팬어린이집 옆 놀이터,어린이집,제주특별자치도 제주시 서사로18길 20,126.517732,33.5021193
587,밝은세상어린이집 옆 놀이터,어린이집,제주특별자치도 제주시 방일4길 51,126.4706268,33.47422033
588,제주시찌다어린이집 놀이터,어린이집,제주특별자치도 제주시 독짓골8길 3,126.5320394,33.49321276
589,동산밭어린이집 옆 놀이터,어린이집,제주특별자치도 서귀포시 열리로 49,126.393108,33.24713017
590,파란하늘어린이집 옆 놀이터,어린이집,제주특별자치도 제주시 우정로3길 18-7,126.4330703,33.49063343
591,사랑가득어린이집 옆 놀이터,어린이집,제주특별자치도 서귀포시 중앙로207번길 24,126.5563412,33.26313282
592,광명어린이집 뒷 놀이터,어린이집,제주특별자치도 제주시 황사평6길 90-46,126.56162,33.49113077
593,유진어린이집,어린이집,제주특별자치시 제주시 어도봉남길 20,126.301921,33.41638349
594,율곡어린이집,어린이집,제주특별자치시 제주시 용담로 94-3,126.5127828,33.51145824
595,안데르센어린이집 앞 놀이터,어린이집,제주특별자치도 서귀포시 중동로 41-6,126.5669842,33.25085446
596,조천삼일어린이집 놀이터,어린이집,제주특별자치도 제주시 조천읍 조와로1길 124,126.6351933,33.52559511
597,해뜨는어린이집 놀이터,어린이집,제주특별자치도 제주시 조천읍 신촌3길 3-5,126.6185291,33.53303667
598,다솜어린이집놀이시설,어린이집,제주특별자치도 서귀포시 대정읍 일과로 31,126.2439313,33.23420988
599,슬기어린이집실외놀이시설,어린이집,제주특별자치도 서귀포시 성산읍 삼달로229번길 4,126.8453132,33.37437335
600,가마어린이집놀이시설,어린이집,제주특별자치도 서귀포시 표선면 세화로26번길 33,126.8011518,33.307103
601,아이꿈터어린이집,어린이집,제주 제주시 조천읍 신촌리1811-2,126.6197446,33.53325681
602,해오름어린이집 놀이시설,어린이집,제주특별자치도 제주시 애월읍 구엄동1길 34,126.3789365,33.47704741
603,장미어린이집 놀이시설,어린이집,제주특별자치도 제주시 백포중길 19 ,126.4590738,33.50156921
604,도청어린이집 놀이시설,어린이집,제주 제주시 연동 제주특별자치도청제주특별자치도 제주시 문연로 30,126.4937954,33.46027094
605,도평어린이집 놀이시설,어린이집,제주 제주시 도평동제주특별자치도 제주시 도평길 22,126.4472141,33.47974345
606,제주근로복지공단어린이집 놀이시설,어린이집,제주특별자치도 제주시 지석4길 12,126.5788331,33.52051038
607,에덴숲어린이집 놀이시설,어린이집,제주특별자치도 제주시 연오로 113-10 ,126.5024233,33.48252113
608,세화어린이집 놀이시설,어린이집,제주특별자치도 제주시 구좌읍 충렬로 3-3,126.8569767,33.51973476
609,해길어린이집 놀이시설,어린이집,제주특별자치도 제주시 월산남길 46,126.4665737,33.470299
610,하귀어린이집 놀이시설,어린이집,제주특별자치도 제주시 애월읍 항몽로 41-3,126.4062183,33.48043644
611,딸기아트어린이집 놀이시설,어린이집,제주특별자치도 제주시 황새왓길 29-1 ,126.5523414,33.49798549
612,예솔어린이집 놀이시설,어린이집,제주특별자치도 제주시 용문로11길 33,126.5057545,33.50773376
613,꿈꾸는어린이집 놀이시설,어린이집,제주특별자치도 제주시 서사로12길 8,126.5189511,33.50545091
614,선도어린이집 놀이시설,어린이집,제주특별자치도 제주시 명림로 163-1 ,126.6106961,33.47241652
615,보목어린이집놀이시설,어린이집,제주특별자치도 서귀포시 보목로 85-2,126.6019478,33.24085587
616,행복한나무어린이집 놀이시설,어린이집,제주특별자치도 제주시 해안마을북길 13-26,126.4506857,33.46502712
617,해랑어린이집 놀이시설,어린이집,제주특별자치도 제주시 월산남길 37-7 ,126.466514,33.47124541
618,제주삼성어린이집 놀이시설,어린이집,제주특별자치도 제주시 삼성로 17,126.5277861,33.50556624
619,이화어린이집 놀이시설,어린이집,제주특별자치도 제주시 사평6길 31-6,126.5146492,33.4895752
620,사임당어린이집 놀이시설,어린이집,제주특별자치도 제주시 사평4길 24-22 ,126.5110335,33.48963303
621,고슴도치어린이집 놀이시설,어린이집,제주특별자치도 제주시 월산남2길 27,126.4639338,33.46924172
622,인도어린이집 놀이시설,어린이집,제주특별자치도 제주시 도련안길 21 ,126.5867754,33.50959209
623,구좌원광어린이집 놀이시설,어린이집,제주특별자치도 제주시 구좌읍 세화11길 6-1,126.8613335,33.52134464
624,아이빌어린이집 놀이시설,어린이집,제주특별자치도 제주시 오등9길 27,126.5242821,33.47541281
625,해담은어린이집 놀이시설,어린이집,제주특별자치도 제주시 광평서길 16,126.4650743,33.47791088
626,녹원어린이집 놀이시설,어린이집,제주특별자치도 제주시 연미3길 30,126.5066771,33.48749694
627,일도2동어린이집 놀이시설,어린이집,제주특별자치도 제주시 동문로14길 16-1,126.5330355,33.51200552
628,내친구어린이집 놀이시설,어린이집,제주특별자치도 제주시 신산로9길 3,126.5344772,33.50809812
629,한림원광어린이집 놀이시설,어린이집,제주특별자치도 제주시 한림읍 명랑남길 13,126.2708934,33.41516749
630,금자동이어린이집 놀이시설,어린이집,제주특별자치도 제주시 연삼로 29-11,126.4962634,33.49457731
631,애월원광어린이집 놀이시설,어린이집,제주특별자치도 제주시 애월읍 애월로2길 10,126.3138107,33.46274612
632,아이캔어린이집 놀이시설,어린이집,제주특별자치도 제주시 연미길 74-2,126.5042877,33.48763161
633,키즈빌어린이집 놀이시설,어린이집,제주특별자치도 제주시 연신로 81-8 ,126.5495934,33.49460354
634,혜원어린이집 놀이시설,어린이집,제주특별자치도 제주시 동광로16길 25 ,126.5402028,33.50406251
635,드림어린이집 놀이시설,어린이집,제주특별자치도 제주시 일주서로 7486-2,126.4466535,33.49338184
636,재놀스배어린이집 놀이시설,어린이집,제주특별자치도 제주시 오일장서길 41-3,126.4736478,33.49579008
637,노란잠수함어린이집 놀이시설,어린이집,제주특별자치도 제주시 연사2길 16-9,126.5126501,33.48726827
638,우주어린이집 놀이시설,어린이집,제주특별자치도 제주시 비월1길 10,126.498095,33.48491081
639,보현어린이집 놀이시설,어린이집,제주특별자치도 제주시 간월동로5길 42,126.5485301,33.49010074
640,해선현어린이집 놀이시설,어린이집,제주특별자치도 제주시 내도3길 4-5,126.440104,33.49448826
641,혜솔어린이집 놀이시설,어린이집,제주특별자치도 제주시 진군남4길 20 ,126.4795404,33.47505167
642,유앤미어린이집 놀이시설,어린이집,제주특별자치도 제주시 홍랑길 38-10,126.5238722,33.50298166
643,제주시청직장어린이집 놀이시설,어린이집,제주특별자치도 제주시 광양9길 10,126.5313692,33.49973768
644,동화속어린이집 놀이시설,어린이집,제주특별자치도 제주시 애월읍 번대동1길 3,126.3928001,33.47763032
645,삼화어린이집 놀이시설,어린이집,제주특별자치도 제주시 선사로6길 85-1,126.5930548,33.52912327
646,공립삼도어린이집 놀이시설,어린이집,제주특별자치도 제주시 남성로26길 30,126.5239265,33.50678655
647,성지어린이집 놀이시설,어린이집,제주특별자치도 제주시 우정로3길 19,126.4330739,33.49171534
648,밝은뜨락어린이집 놀이시설,어린이집,제주특별자치도 제주시 우정로 94,126.4306582,33.48435634
649,봉개어린이집 놀이시설,어린이집,제주특별자치도 제주시 번영로 561-8,126.6013091,33.48771347
650,꾸러기어린이집 놀이시설,어린이집,제주특별자치도 제주시 삼성로 90,126.5346683,33.50859471
651,제주엔젤어린이집 놀이시설,어린이집,제주특별자치도 제주시 오등봉길 48-13,126.5206799,33.47702171
652,탐라원광어린이집 놀이시설,어린이집,제주특별자치도 제주시 오등봉길 80,126.5225341,33.47438726
653,청사랑어린이집 놀이시설,어린이집,제주특별자치도 제주시 청사로 59,126.5252297,33.49094176
654,S&P기독어린이집놀이시설,어린이집,제주특별자치도 서귀포시 신중로 3 ,126.506014,33.25618881
655,효돈어린이집놀이시설,어린이집,제주특별자치도 서귀포시 신효중앙로26번길 25,126.6167506,33.2661842
656,햇님어린이집놀이시설,어린이집,제주특별자치도 서귀포시 대정읍 영조사로 10,126.2080975,33.25918574
657,해달별어린이집놀이시설,어린이집,제주특별자치도 서귀포시 중산간동로7920번길 14,126.5696753,33.26655204
658,한울어린이집놀이시설,어린이집,제주특별자치도 서귀포시 서홍로 82 ,126.5534518,33.25521521
659,한솔어린이집놀이시설,어린이집,제주특별자치도 서귀포시 안덕면 사계남로84번길 4-41,126.2956474,33.22563382
660,한사랑어린이집놀이시설,어린이집,제주특별자치도 서귀포시 상효로 141,126.5968695,33.27171091
661,한빛어린이집놀이시설,어린이집,제주특별자치도 서귀포시 동홍중앙로7번길 11,126.570899,33.2512468
662,푸르른어린이집놀이시설,어린이집,제주특별자치도 서귀포시 동홍서로 113,126.5694235,33.25885134
663,표선원광어린이집놀이시설,어린이집,제주특별자치도 서귀포시 표선면 표선관정로 81-8,126.8297308,33.32588177
664,표선어린이집놀이시설,어린이집,제주특별자치도 서귀포시 표선면 표선관정로 16,126.8238717,33.32868651
665,평안어린이집놀이시설,어린이집,제주특별자치도 서귀포시 토평로 172,126.5887532,33.28121425
666,토담어린이집놀이시설,어린이집,제주특별자치도 서귀포시 하논로 11,126.5481269,33.25357294
667,태흥어린이집놀이시설,어린이집,제주특별자치도 서귀포시 남원읍 태신로 48,126.7447423,33.29027356
668,초록사과어린이집놀이시설,어린이집,제주특별자치도 서귀포시 천제연로207번길 21 ,126.4269092,33.25352144
669,천사어린이집놀이시설,어린이집,제주특별자치도 서귀포시 구산봉로 46,126.4547149,33.26012971
670,인성어린이집놀이시설,어린이집,제주특별자치도 서귀포시 대정읍 인성로4번길 25,126.2817553,33.24654343
671,의귀어린이집놀이시설,어린이집,제주특별자치도 서귀포시 남원읍 남조로381번길 7,126.7137951,33.31193446
672,은혜어린이집놀이시설,어린이집,제주특별자치도 서귀포시 안덕면 감산중로 16-9,126.3525802,33.25870889
673,은현어린이집놀이시설,어린이집,제주특별자치도 서귀포시 동홍중앙로52번길 33 ,126.575675,33.25549189
674,은지어린이집놀이시설,어린이집,제주특별자치도 서귀포시 안덕면 일주서로 1870,126.3184816,33.25101554
675,위미어린이집놀이시설,어린이집,제주특별자치도 서귀포시 남원읍 태위로115번길 15-1,126.6592763,33.27640715
676,오렌지몬테소리어린이집놀이시설,어린이집,제주특별자치도 서귀포시 동홍북로 94-5 ,126.5783674,33.25796254
677,예일어린이집놀이시설,어린이집,제주특별자치도 서귀포시 중산간서로 20,126.5083782,33.26132843
678,예사랑어린이집놀이시설,어린이집,제주특별자치도 서귀포시 서호상로 9,126.5205979,33.25815765
679,예국어린이집놀이시설,어린이집,제주특별자치도 서귀포시 칠십리로 199,126.5740114,33.24674946
680,염돈어린이집놀이시설,어린이집,제주특별자치도 서귀포시 염돈로 18,126.4942361,33.25160606
681,연화어린이집놀이시설,어린이집,제주특별자치도 서귀포시 하원북로35번길 15-29,126.4584385,33.26537542
682,에벤에셀어린이집놀이시설,어린이집,제주특별자치도 서귀포시 동홍로99번길 17,126.5664805,33.25719108
683,에덴어린이집놀이시설,어린이집,제주특별자치도 서귀포시 대포복개로 71,126.4335537,33.24494162
684,안덕어린이집놀이시설,어린이집,제주특별자치도 서귀포시 안덕면 화순재남로 31-18,126.3339238,33.2494947
685,아이사랑어린이집놀이시설,어린이집,제주특별자치도 서귀포시 대정읍 상모이교로 59,126.271374,33.2265754
686,신례어린이집 놀이시설,어린이집,제주특별자치도 서귀포시 남원읍 신례로 250,126.6315593,33.28702066
687,슬기어린이집실내놀이시설,어린이집,제주특별자치도 서귀포시 성산읍 삼달로229번길 4,126.8453132,33.37437335
688,슬기샘어린이집놀이시설,어린이집,제주특별자치도 서귀포시 중문상로69번길 8,126.4258834,33.25449043
689,숲속어린이집놀이시설,어린이집,제주특별자치도 서귀포시 호근북로 84,126.5312346,33.26385158
690,성읍어린이집놀이시설,어린이집,제주특별자치도 서귀포시 표선면 성읍민속로 55-18,126.7988755,33.3807883
691,성산포어린이집놀이시설,어린이집,제주특별자치도 서귀포시 성산읍 일출로 294-1,126.9351666,33.46384013
692,성산원광어린이집놀이시설,어린이집,제주특별자치도 서귀포시 성산읍 고성중앙로 76-5,126.9116674,33.44884047
693,서호어린이집놀이시설,어린이집,제주특별자치도 서귀포시 막동산로 16,126.5239532,33.2568813
694,공립토평어린이집놀이시설,어린이집,제주특별자치도 서귀포시 516로97번길 13,126.5813954,33.26207521
695,서귀포어린이집놀이시설,어린이집,제주특별자치도 서귀포시 동홍로 56,126.5681185,33.25366247
696,샘터어린이집놀이시설,어린이집,제주특별자치도 서귀포시 중산간동로 8178,126.5429592,33.26291274
697,새샘어린이집놀이시설,어린이집,제주특별자치도 서귀포시 남원읍 하례로 340,126.6232489,33.27741135
698,삼성어린이집놀이시설,어린이집,제주특별자치도 서귀포시 성산읍 난산온평로 37,126.893286,33.40664852
699,사랑어린이집놀이시설,어린이집,제주특별자치도 서귀포시 천제연로 239-31,126.4301586,33.25385201
700,법환어린이집놀이시설,어린이집,제주특별자치도 서귀포시 법환로71번길 10,126.5088792,33.23905144
701,무지개어린이집놀이시설,어린이집,제주특별자치도 서귀포시 516로 94,126.5835308,33.26213653
702,모슬포중앙어린이집놀이시설,어린이집,제주특별자치도 서귀포시 대정읍 상모대서로 56,126.2595056,33.22701897
703,명성어린이집놀이시설,어린이집,제주특별자치도 서귀포시 중앙로 233 ,126.5576187,33.26518407
704,동화나라어린이집놀이시설,어린이집,제주특별자치도 서귀포시 동홍동로 32 ,126.5751484,33.25785233
705,동심어린이집놀이시설,어린이집,제주특별자치도 서귀포시 말질로204번길 34-3,126.4763257,33.23382376
706,동남어린이집놀이시설,어린이집,제주특별자치도 서귀포시 성산읍 고성오조로113번길 18,126.9120287,33.45303318
707,도순원광어린이집놀이시설,어린이집,제주특별자치도 서귀포시 일주서로 341 ,126.4721266,33.25227103
708,대정원광어린이집놀이시설,어린이집,제주특별자치도 서귀포시 대정읍 송악관광로 126-30,126.26426,33.22421624
709,대정어린이집놀이시설,어린이집,제주특별자치도 서귀포시 대정읍 비행장로35번길 8,126.2571264,33.220414
710,남제주별어린이집놀이시설,어린이집,제주특별자치도 서귀포시 남원읍 남원체육관로 253,126.7124721,33.28018534
711,남원원광어린이집놀이시설,어린이집,제주특별자치도 서귀포시 남원읍 남한로 80-3,126.7151382,33.28552013
712,꿈초롱어린이집놀이시설,어린이집,제주특별자치도 서귀포시 칠십리로 720 ,126.6177502,33.25605307
713,꿈동산어린이집놀이시설,어린이집,제주특별자치도 서귀포시 남원읍 태위로20번길 22,126.6500052,33.2703313
714,한마음어린이집 놀이시설,어린이집,제주특별자치도 제주시 남광로 104 ,126.5458905,33.49687095
715,햇살어린이집 놀이시설,어린이집,제주특별자치도 제주시 도남서길 31-2,126.5222885,33.49354498
716,해든어린이집 놀이시설,어린이집,제주특별자치도 제주시 우령6길 63,126.4291331,33.48557544
717,한샘어린이집 놀이시설,어린이집,제주특별자치도 제주시 지석8길 5-10,126.5824726,33.52026132
718,표현어린이집 놀이시설,어린이집,제주특별자치도 제주시 조천읍 함덕16길 37-3,126.6649953,33.54079053
719,참예솔어린이집 놀이시설,어린이집,제주특별자치도 제주시 오등봉동길 58-8,126.5279774,33.4764368
720,징검다리어린이집 놀이시설,어린이집,제주특별자치도 제주시 월구1길 17-15 ,126.503902,33.49670899
721,제일어린이집 놀이시설,어린이집,제주특별자치도 제주시 원남6길 60-1,126.5293455,33.48402437
722,제원어린이집 놀이시설,어린이집,제주특별자치도 제주시 오라로1길 34-7 ,126.5097595,33.49798564
723,인예어린이집 놀이시설,어린이집,제주특별자치도 제주시 대원북길 18-2 ,126.5322048,33.4765521
724,이레몬테소리어린이집 놀이시설,어린이집,제주특별자치도 제주시 아봉로 383,126.5762813,33.47019314
725,요요어린이집 놀이시설,어린이집,제주특별자치도 제주시 거로남4길 11-6,126.5616178,33.50854035
726,요술배어린이집 놀이시설,어린이집,제주특별자치도 제주시 대원길 13-17 ,126.5358407,33.47463646
727,옹기장이어린이집 놀이시설,어린이집,제주특별자치도 제주시 창오길 30-5 ,126.4436036,33.47905103
728,큰숲어린이집 놀이시설,어린이집,제주특별자치도 제주시 월산남2길 8,126.4644067,33.47104694
729,연동어린이집 놀이시설,어린이집,제주특별자치도 제주시 과원로 80-10,126.4919566,33.47669026
730,햇살담음어린이집 놀이시설,어린이집,제주특별자치도 제주시 광평중길 71,126.4682902,33.47982713
731,시계바늘어린이집 놀이시설,어린이집,제주특별자치도 제주시 용원1길 18,126.5099582,33.50470321
732,뽀뽀뽀어린이집 놀이시설,어린이집,제주특별자치도 제주시 원당로3길 5 ,126.5891075,33.52387196
733,똑똑어린이집 놀이시설,어린이집,제주특별자치도 제주시 설촌로8길 17,126.5833931,33.52356423
734,보리수어린이집 놀이시설,어린이집,제주특별자치도 제주시 조천읍 함덕남14길 21,126.6739895,33.53400779
735,보람몬테소리어린이집 놀이시설,어린이집,제주특별자치도 제주시 애월읍 하귀3길 21,126.417213,33.48696221
736,별님어린이집 놀이시설,어린이집,제주특별자치도 제주시 황사평6길 92-7,126.5625651,33.49149476
737,백조어린이집 놀이시설,어린이집,제주특별자치도 제주시 오도9길 36,126.46171,33.48951762
738,명주어린이집 놀이시설,어린이집,제주특별자치도 제주시 명주길 30-4,126.4951493,33.49556449
739,로뎀나무어린이집 놀이시설,어린이집,제주특별자치도 제주시 은수길 6-8,126.4854005,33.47558116
740,동연어린이집 놀이시설,어린이집,제주특별자치도 제주시 고사마루길 59,126.4724804,33.47546344
741,노형어린이집 놀이시설,어린이집,제주특별자치도 제주시 아연로 193-3,126.5104595,33.46938116
742,나나어린이집 놀이시설,어린이집,제주특별자치도 제주시 월두2길 59,126.5492855,33.4855505
743,꼬마도깨비어린이집 놀이시설,어린이집,제주특별자치도 제주시 기자길 44,126.5458906,33.48252673
744,YWCA어린이집 놀이시설,어린이집,제주특별자치도 제주시 진남로4길 7,126.5643353,33.52026155
745,화북어린이집 놀이시설,어린이집,제주특별자치도 제주시 진남로6길 31,126.5653407,33.52153634
746,주사랑어린이집 놀이시설,어린이집,제주특별자치도 제주시 애월읍 애상로 76,126.3304763,33.45810435
747,제주관광대학부속어린이집 놀이시설,어린이집,제주특별자치도 제주시 신대로20길 23,126.4940685,33.48349689
748,신촌어린이집 놀이시설,어린이집,제주특별자치도 제주시 조천읍 신촌서5길 72-1,126.6160777,33.53473303
749,신창성이시돌어린이집 놀이시설,어린이집,제주특별자치도 제주시 한경면 일주서로 4247,126.1833714,33.34537021
750,광림어린이집 놀이시설,어린이집,제주특별자치도 제주시 고산동산6길 10,126.5320313,33.49471838
751,해안어린이집 놀이시설,어린이집,제주특별자치도 제주시 해안마을6길 36,126.451572,33.45586195
752,한수풀어린이집 놀이시설,어린이집,제주특별자치도 제주시 한림읍 한수풀로 92,126.2721992,33.41971914
753,참사랑어린이집 놀이시설,어린이집,제주특별자치도 제주시 광평안길 40-7,126.4680738,33.48177362
754,제주어린이집 놀이시설,어린이집,제주특별자치도 제주시 아봉로 77,126.5521735,33.47846555
755,전원어린이집 놀이시설,어린이집,제주특별자치도 제주시 구남동8길 1-2,126.539623,33.48763349
756,은하어린이집 놀이시설,어린이집,제주특별자치도 제주시 조천읍 함덕8길 4-10,126.6612204,33.54245711
757,용담어린이집 놀이시설,어린이집,제주특별자치도 제주시 성화로 20,126.5055922,33.51164596
758,예지원어린이집 놀이시설,어린이집,제주특별자치도 제주시 벌랑길 45 ,126.5764987,33.52462259
759,예어린이집 놀이시설,어린이집,제주특별자치도 제주시 삼동2길 13 ,126.4934508,33.47688574
760,예심원어린이집 놀이시설,어린이집,제주특별자치도 제주시 노형로 307-5 ,126.470181,33.48026803
761,연세어린이집 놀이시설,어린이집,제주특별자치도 제주시 불택길 76 ,126.5926945,33.50054189
762,애육어린이집 놀이시설,어린이집,제주특별자치도 제주시 다랑곶6길 61,126.4779019,33.49163386
763,신광어린이집 놀이시설,어린이집,제주특별자치도 제주시 신산마을동길 18,126.4509861,33.49060632
764,시온성어린이집 놀이시설,어린이집,제주특별자치도 제주시 월랑로 95,126.4715696,33.49249042
765,성암어린이집 놀이시설,어린이집,제주특별자치도 제주시 한경면 저지1길 16,126.252624,33.32801054
766,선유어린이집 놀이시설,어린이집,제주특별자치도 제주시 구좌읍 일주동로 1908,126.7353209,33.55519845
767,선덕어린이집 놀이시설,어린이집,제주특별자치도 제주시 정실3길 57 ,126.5115626,33.47596711
768,쁘띠어린이집 놀이시설,어린이집,제주특별자치도 제주시 조천읍 신북로 353-12,126.6484424,33.54195238
769,보람어린이집 놀이시설,어린이집,제주특별자치도 제주시 애월읍 하귀3길 23,126.4171603,33.48679968
770,반석어린이집 놀이시설,어린이집,제주특별자치도 제주시 매촌안길 35-1 ,126.5922841,33.51223408
771,무궁화어린이집 놀이시설,어린이집,제주특별자치도 제주시 사송길 42,126.5646433,33.47411052
772,명륜원어린이집 놀이시설,어린이집,제주특별자치도 제주시 인다15길 6 ,126.5480892,33.46944378
773,등대어린이집 놀이시설,어린이집,제주특별자치도 제주시 한경면 고산로4길 12-21,126.1822951,33.30434106
774,둥지어린이집 놀이시설,어린이집,제주특별자치도 제주시 애월읍 하광로 199,126.419466,33.47027558
775,동남어린이집 놀이시설,어린이집,제주특별자치도 제주시 한림읍 옹포4길 7,126.2521433,33.40153179
776,대림어린이집 놀이시설,어린이집,제주특별자치도 제주시 남광로 140-1 ,126.5491737,33.49873126
777,늘해랑어린이집 놀이시설,어린이집,제주특별자치도 제주시 애월읍 금성6길 29,126.3037833,33.44290942
778,낮은울타리어린이집 놀이시설,어린이집,제주특별자치도 제주시 조천읍 신촌인수물남길 20,126.6216087,33.51570874
779,남국어린이집 놀이시설,어린이집,제주특별자치도 제주시 중앙로 476,126.5434476,33.48060634
780,제주특별자치도공관어린이집 놀이시설,어린이집,제주특별자치도 제주시 삼무로11길 28 ,126.4956814,33.49104974
781,정실어린이집 놀이시설,어린이집,제주특별자치도 제주시 아연로 186 ,126.5092851,33.46969204
782,용담동어린이집 놀이시설,어린이집,제주특별자치도 제주시 용담로 98-10 ,126.512375,33.51125827
783,공립새솔어린이집 놀이시설,어린이집,제주특별자치도 제주시 애월읍 하귀11길 32,126.4136329,33.48335696
784,건입동어린이집 놀이시설,어린이집,제주특별자치도 제주시 연무정동길 22-1,126.5349221,33.51542965
